#
# There is insufficient memory for the Java Runtime Environment to continue.
# Native memory allocation (malloc) failed to allocate 1054432 bytes for Chunk::new
# Possible reasons:
#   The system is out of physical RAM or swap space
#   The process is running with CompressedOops enabled, and the Java Heap may be blocking the growth of the native heap
# Possible solutions:
#   Reduce memory load on the system
#   Increase physical memory or swap space
#   Check if swap backing store is full
#   Decrease Java heap size (-Xmx/-Xms)
#   Decrease number of Java threads
#   Decrease Java thread stack sizes (-Xss)
#   Set larger code cache with -XX:ReservedCodeCacheSize=
#   JVM is running with Unscaled Compressed Oops mode in which the Java heap is
#     placed in the first 4GB address space. The Java Heap base address is the
#     maximum limit for the native heap growth. Please use -XX:HeapBaseMinAddress
#     to set the Java Heap base and to place the Java Heap above 4GB virtual address.
# This output file may be truncated or incomplete.
#
#  Out of Memory Error (arena.cpp:168), pid=18836, tid=19292
#
# JRE version: Java(TM) SE Runtime Environment (21.0.8+12) (build 21.0.8+12-LTS-250)
# Java VM: Java HotSpot(TM) 64-Bit Server VM (21.0.8+12-LTS-250, mixed mode, sharing, tiered, compressed oops, compressed class ptrs, g1 gc, windows-amd64)
# No core dump will be written. Minidumps are not enabled by default on client versions of Windows
#

---------------  S U M M A R Y ------------

Command Line: --add-opens=java.base/java.lang=ALL-UNNAMED --add-opens=java.base/java.lang.invoke=ALL-UNNAMED --add-opens=java.base/java.util=ALL-UNNAMED --add-opens=java.prefs/java.util.prefs=ALL-UNNAMED --add-exports=jdk.compiler/com.sun.tools.javac.api=ALL-UNNAMED --add-exports=jdk.compiler/com.sun.tools.javac.util=ALL-UNNAMED --add-opens=java.base/java.nio.charset=ALL-UNNAMED --add-opens=java.base/java.net=ALL-UNNAMED --add-opens=java.base/java.util.concurrent=ALL-UNNAMED --add-opens=java.base/java.util.concurrent.atomic=ALL-UNNAMED --add-opens=java.xml/javax.xml.namespace=ALL-UNNAMED --add-opens=java.base/java.time=ALL-UNNAMED -Xmx2048m -Dfile.encoding=UTF-8 -Duser.country=BR -Duser.language=pt -Duser.variant -javaagent:C:\Users\akard\AppData\Local\Temp\cursor-sandbox-cache\4d8f5d68a57ee206e983859445c75c6b\gradle\wrapper\dists\gradle-9.5.0-bin\bvnork1r7n8i6kp5cnkibsc9q\gradle-9.5.0\lib\agents\gradle-instrumentation-agent-9.5.0.jar org.gradle.launcher.daemon.bootstrap.GradleDaemon 9.5.0

Host: Snapdragon (TM) 7c Gen 2 @ 2.55 GHz, 8 cores, 3G,  Windows 11 , 64 bit Build 26100 (10.0.26100.9278)
Time: Mon Aug 31 07:55:51 2026 Hora Padrão da Bahia elapsed time: 625.917028 seconds (0d 0h 10m 25s)

---------------  T H R E A D  ---------------

Current thread (0x00000287f8248430):  JavaThread "C2 CompilerThread0" daemon [_thread_in_native, id=19292, stack(0x000000ff2ce00000,0x000000ff2cf00000) (1024K)]


Current CompileTask:
C2: 625924 42035       4       org.jetbrains.kotlin.fir.scopes.impl.FirTypeIntersectionScopeContext::convertGroupedCallablesToIntersectionResults (1071 bytes)

Stack: [0x000000ff2ce00000,0x000000ff2cf00000]
Native frames: (J=compiled Java code, j=interpreted, Vv=VM code, C=native code)
V  [jvm.dll+0x6cc179]
V  [jvm.dll+0x8584c1]
V  [jvm.dll+0x85a9ee]
V  [jvm.dll+0x85b0c3]
V  [jvm.dll+0x27ebf6]
V  [jvm.dll+0xc4f4d]
V  [jvm.dll+0xc5483]
V  [jvm.dll+0x3b6abc]
V  [jvm.dll+0x382a35]
V  [jvm.dll+0x381eaa]
V  [jvm.dll+0x247670]
V  [jvm.dll+0x246c4f]
V  [jvm.dll+0x1c7a3e]
V  [jvm.dll+0x256359]
V  [jvm.dll+0x2548ea]
V  [jvm.dll+0x3efef6]
V  [jvm.dll+0x80279b]
V  [jvm.dll+0x6ca85d]
C  [ucrtbase.dll+0x19a20c]


---------------  P R O C E S S  ---------------

Threads class SMR info:
_java_thread_list=0x00000288120dbb10, length=111, elements={
0x00000287d260a0a0, 0x00000287f8238d20, 0x00000287f8239a20, 0x00000287f823aab0,
0x00000287f823b8b0, 0x00000287f823c300, 0x00000287f823d2b0, 0x00000287f8248430,
0x00000287f8263190, 0x00000287fd0ce9b0, 0x00000287fd2537f0, 0x00000287fe96f620,
0x00000287fec4b4b0, 0x00000287ff4862d0, 0x00000287fe7c0090, 0x00000287c162b1a0,
0x00000287fe9f7000, 0x00000287febfa7f0, 0x00000287febf8db0, 0x00000287febf9440,
0x00000287febfb510, 0x00000287febf8090, 0x00000287febfae80, 0x00000287febf9ad0,
0x00000287febfa160, 0x00000287c34b8c60, 0x00000287c34b6b90, 0x00000287c34b78b0,
0x00000287c34b6500, 0x00000287c34b7220, 0x00000287c34b7f40, 0x00000287c34b85d0,
0x00000287c34ba010, 0x00000287c34b9980, 0x00000287c34bba50, 0x00000287c34ba6a0,
0x00000287c34bad30, 0x00000287c34bc0e0, 0x00000287c34bc770, 0x00000287c34bce00,
0x00000287c65374f0, 0x00000287c6536140, 0x00000287c6534d90, 0x00000287c6535ab0,
0x00000287c6539c50, 0x00000287c653a970, 0x00000287c65395c0, 0x00000287c653b690,
0x00000287c9f01d20, 0x00000287c9f023b0, 0x00000287c9f03760, 0x00000287c9f03df0,
0x00000287c9f05830, 0x00000287c9f06be0, 0x00000287cf0e7810, 0x00000287cf0e5740,
0x00000287cf0e9f70, 0x00000287cf0ea600, 0x00000287cf0e9250, 0x00000287cf0e98e0,
0x00000287cf0eac90, 0x00000287cf0eb320, 0x00000287c9f04480, 0x00000287c9f04b10,
0x00000287c9f01690, 0x00000287c9f051a0, 0x00000287c9f05ec0, 0x00000287c9f06550,
0x00000287febf8720, 0x00000287c34b57e0, 0x00000287cfc503c0, 0x00000287cfc531b0,
0x00000287cfc50a50, 0x00000287cfc51e00, 0x00000287cfc52490, 0x00000287cfc4fd30,
0x00000287cfc54560, 0x00000287cfc52b20, 0x00000287cfc53840, 0x00000287cfc510e0,
0x00000287cfc54bf0, 0x00000287cfc51770, 0x00000287cfc56cc0, 0x00000287cfc53ed0,
0x00000287cfc55280, 0x00000287cfc57350, 0x00000287cfc55910, 0x00000287cfc55fa0,
0x00000287cfc56630, 0x00000287c9c00860, 0x00000287c9c03650, 0x00000287ca889960,
0x00000287ca889ff0, 0x00000287c9c02fc0, 0x00000287c9c05090, 0x00000287cf3c5ac0,
0x00000287cf3c9c60, 0x00000287cf3c6e70, 0x00000287ca88b3a0, 0x000002880ba10ec0,
0x000002880ba13620, 0x000002880ba101a0, 0x000002880ba16410, 0x000002880ba16aa0,
0x000002880ba15060, 0x000002880ba15d80, 0x000002880ba156f0, 0x0000028812f9af00,
0x0000028812f9c2b0, 0x0000028812f9c940, 0x0000028812f9e380
}

Java Threads: ( => current thread )
  0x00000287d260a0a0 JavaThread "main"                              [_thread_blocked, id=100, stack(0x000000ff2c000000,0x000000ff2c100000) (1024K)]
  0x00000287f8238d20 JavaThread "Reference Handler"          daemon [_thread_blocked, id=8760, stack(0x000000ff2c800000,0x000000ff2c900000) (1024K)]
  0x00000287f8239a20 JavaThread "Finalizer"                  daemon [_thread_blocked, id=19812, stack(0x000000ff2c900000,0x000000ff2ca00000) (1024K)]
  0x00000287f823aab0 JavaThread "Signal Dispatcher"          daemon [_thread_blocked, id=19244, stack(0x000000ff2ca00000,0x000000ff2cb00000) (1024K)]
  0x00000287f823b8b0 JavaThread "Attach Listener"            daemon [_thread_blocked, id=16928, stack(0x000000ff2cb00000,0x000000ff2cc00000) (1024K)]
  0x00000287f823c300 JavaThread "Service Thread"             daemon [_thread_blocked, id=9236, stack(0x000000ff2cc00000,0x000000ff2cd00000) (1024K)]
  0x00000287f823d2b0 JavaThread "Monitor Deflation Thread"   daemon [_thread_blocked, id=14064, stack(0x000000ff2cd00000,0x000000ff2ce00000) (1024K)]
=>0x00000287f8248430 JavaThread "C2 CompilerThread0"         daemon [_thread_in_native, id=19292, stack(0x000000ff2ce00000,0x000000ff2cf00000) (1024K)]
  0x00000287f8263190 JavaThread "C1 CompilerThread0"         daemon [_thread_blocked, id=16816, stack(0x000000ff2cf00000,0x000000ff2d000000) (1024K)]
  0x00000287fd0ce9b0 JavaThread "Common-Cleaner"             daemon [_thread_blocked, id=15532, stack(0x000000ff2d000000,0x000000ff2d100000) (1024K)]
  0x00000287fd2537f0 JavaThread "Notification Thread"        daemon [_thread_blocked, id=6408, stack(0x000000ff2d100000,0x000000ff2d200000) (1024K)]
  0x00000287fe96f620 JavaThread "Daemon health stats"               [_thread_blocked, id=14864, stack(0x000000ff2d600000,0x000000ff2d700000) (1024K)]
  0x00000287fec4b4b0 JavaThread "Incoming local TCP Connector on port 55670"        [_thread_in_native, id=9208, stack(0x000000ff2da00000,0x000000ff2db00000) (1024K)]
  0x00000287ff4862d0 JavaThread "Daemon periodic checks"            [_thread_blocked, id=4004, stack(0x000000ff2db00000,0x000000ff2dc00000) (1024K)]
  0x00000287fe7c0090 JavaThread "Daemon"                            [_thread_blocked, id=5548, stack(0x000000ff2dc00000,0x000000ff2dd00000) (1024K)]
  0x00000287c162b1a0 JavaThread "Handler for socket connection from /127.0.0.1:55670 to /127.0.0.1:55671"        [_thread_in_native, id=16188, stack(0x000000ff2dd00000,0x000000ff2de00000) (1024K)]
  0x00000287fe9f7000 JavaThread "Cancel handler"                    [_thread_blocked, id=19004, stack(0x000000ff2de00000,0x000000ff2df00000) (1024K)]
  0x00000287febfa7f0 JavaThread "Daemon worker"                     [_thread_blocked, id=14628, stack(0x000000ff2df00000,0x000000ff2e000000) (1024K)]
  0x00000287febf8db0 JavaThread "Asynchronous log dispatcher for DefaultDaemonConnection: socket connection from /127.0.0.1:55670 to /127.0.0.1:55671"        [_thread_blocked, id=10064, stack(0x000000ff2e000000,0x000000ff2e100000) (1024K)]
  0x00000287febf9440 JavaThread "Stdin handler"                     [_thread_blocked, id=18084, stack(0x000000ff2e100000,0x000000ff2e200000) (1024K)]
  0x00000287febfb510 JavaThread "Daemon client event forwarder"        [_thread_blocked, id=14500, stack(0x000000ff2e200000,0x000000ff2e300000) (1024K)]
  0x00000287febf8090 JavaThread "Cache worker for journal cache (C:\Users\akard\AppData\Local\Temp\cursor-sandbox-cache\4d8f5d68a57ee206e983859445c75c6b\gradle\caches\journal-1)"        [_thread_blocked, id=11184, stack(0x000000ff2e300000,0x000000ff2e400000) (1024K)]
  0x00000287febfae80 JavaThread "File lock request listener"        [_thread_in_native, id=16844, stack(0x000000ff2e400000,0x000000ff2e500000) (1024K)]
  0x00000287febf9ad0 JavaThread "Cache worker for file hash cache (C:\Users\akard\AppData\Local\Temp\cursor-sandbox-cache\4d8f5d68a57ee206e983859445c75c6b\gradle\caches\9.5.0\fileHashes)"        [_thread_blocked, id=19900, stack(0x000000ff2e500000,0x000000ff2e600000) (1024K)]
  0x00000287febfa160 JavaThread "Cache worker for file hash cache (C:\VisualCode\App_Gestor_Driver\android-app\.gradle\9.5.0\fileHashes)"        [_thread_blocked, id=10516, stack(0x000000ff2e700000,0x000000ff2e800000) (1024K)]
  0x00000287c34b8c60 JavaThread "Cache worker for Build Output Cleanup Cache (C:\VisualCode\App_Gestor_Driver\android-app\.gradle\buildOutputCleanup)"        [_thread_blocked, id=15004, stack(0x000000ff2e800000,0x000000ff2e900000) (1024K)]
  0x00000287c34b6b90 JavaThread "File watcher server"        daemon [_thread_in_native, id=18964, stack(0x000000ff2e900000,0x000000ff2ea00000) (1024K)]
  0x00000287c34b78b0 JavaThread "File watcher consumer"      daemon [_thread_in_Java, id=5832, stack(0x000000ff2ea00000,0x000000ff2eb00000) (1024K)]
  0x00000287c34b6500 JavaThread "Cache worker for file content cache (C:\Users\akard\AppData\Local\Temp\cursor-sandbox-cache\4d8f5d68a57ee206e983859445c75c6b\gradle\caches\9.5.0\fileContent)"        [_thread_blocked, id=17632, stack(0x000000ff2eb00000,0x000000ff2ec00000) (1024K)]
  0x00000287c34b7220 JavaThread "Cache worker for checksums cache (C:\VisualCode\App_Gestor_Driver\android-app\.gradle\9.5.0\checksums)"        [_thread_blocked, id=19768, stack(0x000000ff2ec00000,0x000000ff2ed00000) (1024K)]
  0x00000287c34b7f40 JavaThread "Cache worker for cache directory md-supplier (C:\Users\akard\AppData\Local\Temp\cursor-sandbox-cache\4d8f5d68a57ee206e983859445c75c6b\gradle\caches\9.5.0\md-supplier)"        [_thread_blocked, id=19552, stack(0x000000ff2ed00000,0x000000ff2ee00000) (1024K)]
  0x00000287c34b85d0 JavaThread "Cache worker for cache directory md-rule (C:\Users\akard\AppData\Local\Temp\cursor-sandbox-cache\4d8f5d68a57ee206e983859445c75c6b\gradle\caches\9.5.0\md-rule)"        [_thread_blocked, id=6064, stack(0x000000ff2ee00000,0x000000ff2ef00000) (1024K)]
  0x00000287c34ba010 JavaThread "Build operations"                  [_thread_blocked, id=16156, stack(0x000000ff2ef00000,0x000000ff2f000000) (1024K)]
  0x00000287c34b9980 JavaThread "Build operations Thread 2"         [_thread_blocked, id=13388, stack(0x000000ff2f000000,0x000000ff2f100000) (1024K)]
  0x00000287c34bba50 JavaThread "Build operations Thread 3"         [_thread_blocked, id=15136, stack(0x000000ff2f100000,0x000000ff2f200000) (1024K)]
  0x00000287c34ba6a0 JavaThread "Build operations Thread 4"         [_thread_blocked, id=6548, stack(0x000000ff2f200000,0x000000ff2f300000) (1024K)]
  0x00000287c34bad30 JavaThread "Build operations Thread 5"         [_thread_blocked, id=18276, stack(0x000000ff2f300000,0x000000ff2f400000) (1024K)]
  0x00000287c34bc0e0 JavaThread "Build operations Thread 6"         [_thread_blocked, id=4944, stack(0x000000ff2f400000,0x000000ff2f500000) (1024K)]
  0x00000287c34bc770 JavaThread "Build operations Thread 7"         [_thread_blocked, id=10144, stack(0x000000ff2f500000,0x000000ff2f600000) (1024K)]
  0x00000287c34bce00 JavaThread "Build operations Thread 8"         [_thread_blocked, id=19036, stack(0x000000ff2f600000,0x000000ff2f700000) (1024K)]
  0x00000287c65374f0 JavaThread "Problems report writer"            [_thread_blocked, id=2832, stack(0x000000ff2bc00000,0x000000ff2bd00000) (1024K)]
  0x00000287c6536140 JavaThread "Memory manager"                    [_thread_blocked, id=14720, stack(0x000000ff2bd00000,0x000000ff2be00000) (1024K)]
  0x00000287c6534d90 JavaThread "build event listener"              [_thread_blocked, id=13136, stack(0x000000ff2be00000,0x000000ff2bf00000) (1024K)]
  0x00000287c6535ab0 JavaThread "pool-3-thread-1"                   [_thread_blocked, id=13848, stack(0x000000ff2f700000,0x000000ff2f800000) (1024K)]
  0x00000287c6539c50 JavaThread "build event listener"              [_thread_blocked, id=16428, stack(0x000000ff2f800000,0x000000ff2f900000) (1024K)]
  0x00000287c653a970 JavaThread "included builds"                   [_thread_blocked, id=4744, stack(0x000000ff2f900000,0x000000ff2fa00000) (1024K)]
  0x00000287c65395c0 JavaThread "Execution worker"                  [_thread_blocked, id=924, stack(0x000000ff2fa00000,0x000000ff2fb00000) (1024K)]
  0x00000287c653b690 JavaThread "Execution worker Thread 2"         [_thread_blocked, id=10028, stack(0x000000ff2fb00000,0x000000ff2fc00000) (1024K)]
  0x00000287c9f01d20 JavaThread "Execution worker Thread 3"         [_thread_blocked, id=4704, stack(0x000000ff2fc00000,0x000000ff2fd00000) (1024K)]
  0x00000287c9f023b0 JavaThread "Execution worker Thread 4"         [_thread_blocked, id=800, stack(0x000000ff2fd00000,0x000000ff2fe00000) (1024K)]
  0x00000287c9f03760 JavaThread "Execution worker Thread 5"         [_thread_blocked, id=20036, stack(0x000000ff2fe00000,0x000000ff2ff00000) (1024K)]
  0x00000287c9f03df0 JavaThread "Execution worker Thread 6"         [_thread_blocked, id=16688, stack(0x000000ff2ff00000,0x000000ff30000000) (1024K)]
  0x00000287c9f05830 JavaThread "Execution worker Thread 7"         [_thread_blocked, id=14808, stack(0x000000ff30000000,0x000000ff30100000) (1024K)]
  0x00000287c9f06be0 JavaThread "Cache worker for execution history cache (C:\VisualCode\App_Gestor_Driver\android-app\.gradle\9.5.0\executionHistory)"        [_thread_blocked, id=10340, stack(0x000000ff30100000,0x000000ff30200000) (1024K)]
  0x00000287cf0e7810 JavaThread "WorkerExecutor Queue"              [_thread_blocked, id=14932, stack(0x000000ff30200000,0x000000ff30300000) (1024K)]
  0x00000287cf0e5740 JavaThread "Unconstrained build operations"        [_thread_blocked, id=6432, stack(0x000000ff30d00000,0x000000ff30e00000) (1024K)]
  0x00000287cf0e9f70 JavaThread "Unconstrained build operations Thread 2"        [_thread_blocked, id=1908, stack(0x000000ff30e00000,0x000000ff30f00000) (1024K)]
  0x00000287cf0ea600 JavaThread "Unconstrained build operations Thread 3"        [_thread_blocked, id=2724, stack(0x000000ff30f00000,0x000000ff31000000) (1024K)]
  0x00000287cf0e9250 JavaThread "Unconstrained build operations Thread 4"        [_thread_blocked, id=19556, stack(0x000000ff31000000,0x000000ff31100000) (1024K)]
  0x00000287cf0e98e0 JavaThread "Unconstrained build operations Thread 5"        [_thread_blocked, id=17564, stack(0x000000ff31100000,0x000000ff31200000) (1024K)]
  0x00000287cf0eac90 JavaThread "Unconstrained build operations Thread 6"        [_thread_blocked, id=18472, stack(0x000000ff31200000,0x000000ff31300000) (1024K)]
  0x00000287cf0eb320 JavaThread "Unconstrained build operations Thread 7"        [_thread_blocked, id=9056, stack(0x000000ff31300000,0x000000ff31400000) (1024K)]
  0x00000287c9f04480 JavaThread "Unconstrained build operations Thread 8"        [_thread_blocked, id=4780, stack(0x000000ff31400000,0x000000ff31500000) (1024K)]
  0x00000287c9f04b10 JavaThread "Unconstrained build operations Thread 9"        [_thread_blocked, id=9124, stack(0x000000ff31500000,0x000000ff31600000) (1024K)]
  0x00000287c9f01690 JavaThread "Unconstrained build operations Thread 10"        [_thread_blocked, id=17208, stack(0x000000ff31600000,0x000000ff31700000) (1024K)]
  0x00000287c9f051a0 JavaThread "Unconstrained build operations Thread 11"        [_thread_blocked, id=9336, stack(0x000000ff31700000,0x000000ff31800000) (1024K)]
  0x00000287c9f05ec0 JavaThread "Unconstrained build operations Thread 12"        [_thread_blocked, id=14108, stack(0x000000ff31800000,0x000000ff31900000) (1024K)]
  0x00000287c9f06550 JavaThread "Unconstrained build operations Thread 13"        [_thread_blocked, id=18088, stack(0x000000ff31900000,0x000000ff31a00000) (1024K)]
  0x00000287febf8720 JavaThread "Unconstrained build operations Thread 14"        [_thread_blocked, id=18136, stack(0x000000ff31a00000,0x000000ff31b00000) (1024K)]
  0x00000287c34b57e0 JavaThread "Unconstrained build operations Thread 15"        [_thread_blocked, id=15492, stack(0x000000ff31b00000,0x000000ff31c00000) (1024K)]
  0x00000287cfc503c0 JavaThread "Unconstrained build operations Thread 16"        [_thread_blocked, id=9484, stack(0x000000ff31c00000,0x000000ff31d00000) (1024K)]
  0x00000287cfc531b0 JavaThread "Unconstrained build operations Thread 17"        [_thread_blocked, id=11632, stack(0x000000ff31d00000,0x000000ff31e00000) (1024K)]
  0x00000287cfc50a50 JavaThread "Unconstrained build operations Thread 18"        [_thread_blocked, id=14988, stack(0x000000ff31e00000,0x000000ff31f00000) (1024K)]
  0x00000287cfc51e00 JavaThread "Unconstrained build operations Thread 19"        [_thread_blocked, id=18668, stack(0x000000ff31f00000,0x000000ff32000000) (1024K)]
  0x00000287cfc52490 JavaThread "Unconstrained build operations Thread 20"        [_thread_blocked, id=768, stack(0x000000ff32000000,0x000000ff32100000) (1024K)]
  0x00000287cfc4fd30 JavaThread "Unconstrained build operations Thread 21"        [_thread_blocked, id=10196, stack(0x000000ff32100000,0x000000ff32200000) (1024K)]
  0x00000287cfc54560 JavaThread "Unconstrained build operations Thread 22"        [_thread_blocked, id=1272, stack(0x000000ff32200000,0x000000ff32300000) (1024K)]
  0x00000287cfc52b20 JavaThread "Unconstrained build operations Thread 23"        [_thread_blocked, id=4356, stack(0x000000ff32300000,0x000000ff32400000) (1024K)]
  0x00000287cfc53840 JavaThread "Unconstrained build operations Thread 24"        [_thread_blocked, id=2296, stack(0x000000ff32400000,0x000000ff32500000) (1024K)]
  0x00000287cfc510e0 JavaThread "Unconstrained build operations Thread 25"        [_thread_blocked, id=15864, stack(0x000000ff32500000,0x000000ff32600000) (1024K)]
  0x00000287cfc54bf0 JavaThread "Unconstrained build operations Thread 26"        [_thread_blocked, id=7768, stack(0x000000ff32600000,0x000000ff32700000) (1024K)]
  0x00000287cfc51770 JavaThread "Unconstrained build operations Thread 27"        [_thread_blocked, id=7828, stack(0x000000ff32700000,0x000000ff32800000) (1024K)]
  0x00000287cfc56cc0 JavaThread "Unconstrained build operations Thread 28"        [_thread_blocked, id=8440, stack(0x000000ff32800000,0x000000ff32900000) (1024K)]
  0x00000287cfc53ed0 JavaThread "Unconstrained build operations Thread 29"        [_thread_blocked, id=16936, stack(0x000000ff32900000,0x000000ff32a00000) (1024K)]
  0x00000287cfc55280 JavaThread "Unconstrained build operations Thread 30"        [_thread_blocked, id=11492, stack(0x000000ff32a00000,0x000000ff32b00000) (1024K)]
  0x00000287cfc57350 JavaThread "Unconstrained build operations Thread 31"        [_thread_blocked, id=17528, stack(0x000000ff32b00000,0x000000ff32c00000) (1024K)]
  0x00000287cfc55910 JavaThread "Unconstrained build operations Thread 32"        [_thread_blocked, id=19596, stack(0x000000ff32c00000,0x000000ff32d00000) (1024K)]
  0x00000287cfc55fa0 JavaThread "Unconstrained build operations Thread 33"        [_thread_blocked, id=2824, stack(0x000000ff32d00000,0x000000ff32e00000) (1024K)]
  0x00000287cfc56630 JavaThread "Unconstrained build operations Thread 34"        [_thread_blocked, id=19888, stack(0x000000ff32e00000,0x000000ff32f00000) (1024K)]
  0x00000287c9c00860 JavaThread "Unconstrained build operations Thread 35"        [_thread_blocked, id=13772, stack(0x000000ff32f00000,0x000000ff33000000) (1024K)]
  0x00000287c9c03650 JavaThread "WorkerExecutor Queue Thread 2"        [_thread_blocked, id=2108, stack(0x000000ff33000000,0x000000ff33100000) (1024K)]
  0x00000287ca889960 JavaThread "Unconstrained build operations Thread 36"        [_thread_blocked, id=15040, stack(0x000000ff30300000,0x000000ff30400000) (1024K)]
  0x00000287ca889ff0 JavaThread "Unconstrained build operations Thread 37"        [_thread_blocked, id=8060, stack(0x000000ff30400000,0x000000ff30500000) (1024K)]
  0x00000287c9c02fc0 JavaThread "WorkerExecutor Queue Thread 3"        [_thread_blocked, id=15316, stack(0x000000ff33300000,0x000000ff33400000) (1024K)]
  0x00000287c9c05090 JavaThread "Periodic tasks thread"      daemon [_thread_blocked, id=13428, stack(0x000000ff33400000,0x000000ff33500000) (1024K)]
  0x00000287cf3c5ac0 JavaThread "ApplicationImpl pooled thread 1" daemon [_thread_blocked, id=5544, stack(0x000000ff33500000,0x000000ff33600000) (1024K)]
  0x00000287cf3c9c60 JavaThread "Java2D Disposer"            daemon [_thread_blocked, id=12236, stack(0x000000ff33700000,0x000000ff33800000) (1024K)]
  0x00000287cf3c6e70 JavaThread "AWT-Windows"                daemon [_thread_in_native, id=20376, stack(0x000000ff33900000,0x000000ff33a00000) (1024K)]
  0x00000287ca88b3a0 JavaThread "ForkJoinPool.commonPool-worker-2" daemon [_thread_blocked, id=19092, stack(0x000000ff33800000,0x000000ff33900000) (1024K)]
  0x000002880ba10ec0 JavaThread "Unconstrained build operations Thread 38"        [_thread_blocked, id=10236, stack(0x000000ff33c00000,0x000000ff33d00000) (1024K)]
  0x000002880ba13620 JavaThread "Unconstrained build operations Thread 39"        [_thread_blocked, id=15124, stack(0x000000ff33d00000,0x000000ff33e00000) (1024K)]
  0x000002880ba101a0 JavaThread "Unconstrained build operations Thread 40"        [_thread_blocked, id=8820, stack(0x000000ff33e00000,0x000000ff33f00000) (1024K)]
  0x000002880ba16410 JavaThread "Unconstrained build operations Thread 41"        [_thread_blocked, id=9632, stack(0x000000ff33f00000,0x000000ff34000000) (1024K)]
  0x000002880ba16aa0 JavaThread "Unconstrained build operations Thread 42"        [_thread_blocked, id=17920, stack(0x000000ff34000000,0x000000ff34100000) (1024K)]
  0x000002880ba15060 JavaThread "Unconstrained build operations Thread 43"        [_thread_blocked, id=4420, stack(0x000000ff34100000,0x000000ff34200000) (1024K)]
  0x000002880ba15d80 JavaThread "Unconstrained build operations Thread 44"        [_thread_blocked, id=18128, stack(0x000000ff34200000,0x000000ff34300000) (1024K)]
  0x000002880ba156f0 JavaThread "Unconstrained build operations Thread 45"        [_thread_blocked, id=17132, stack(0x000000ff34300000,0x000000ff34400000) (1024K)]
  0x0000028812f9af00 JavaThread "Unconstrained build operations Thread 46"        [_thread_blocked, id=13172, stack(0x000000ff30600000,0x000000ff30700000) (1024K)]
  0x0000028812f9c2b0 JavaThread "Unconstrained build operations Thread 47"        [_thread_blocked, id=19792, stack(0x000000ff30700000,0x000000ff30800000) (1024K)]
  0x0000028812f9c940 JavaThread "WorkerExecutor Queue Thread 4"        [_thread_blocked, id=18332, stack(0x000000ff30800000,0x000000ff30900000) (1024K)]
  0x0000028812f9e380 JavaThread "pool-6-thread-1"                   [_thread_in_Java, id=15728, stack(0x000000ff30900000,0x000000ff30a00000) (1024K)]
Total: 111

Other Threads:
  0x00000287d25f0e40 VMThread "VM Thread"                           [id=9996, stack(0x000000ff2c700000,0x000000ff2c800000) (1024K)]
  0x00000287f8206840 WatcherThread "VM Periodic Task Thread"        [id=8456, stack(0x000000ff2c600000,0x000000ff2c700000) (1024K)]
  0x00000287d25f0360 WorkerThread "GC Thread#0"                     [id=9460, stack(0x000000ff2c100000,0x000000ff2c200000) (1024K)]
  0x00000287d25f0700 WorkerThread "GC Thread#1"                     [id=14948, stack(0x000000ff2d200000,0x000000ff2d300000) (1024K)]
  0x00000287d25f0aa0 WorkerThread "GC Thread#2"                     [id=8064, stack(0x000000ff2d300000,0x000000ff2d400000) (1024K)]
  0x00000287d25f11e0 WorkerThread "GC Thread#3"                     [id=16508, stack(0x000000ff2d400000,0x000000ff2d500000) (1024K)]
  0x00000287d25f1580 WorkerThread "GC Thread#4"                     [id=16744, stack(0x000000ff2d500000,0x000000ff2d600000) (1024K)]
  0x00000287ff24ce90 WorkerThread "GC Thread#5"                     [id=10056, stack(0x000000ff2d700000,0x000000ff2d800000) (1024K)]
  0x00000287ff24ef30 WorkerThread "GC Thread#6"                     [id=19280, stack(0x000000ff2d800000,0x000000ff2d900000) (1024K)]
  0x00000287ff24e450 WorkerThread "GC Thread#7"                     [id=4256, stack(0x000000ff2d900000,0x000000ff2da00000) (1024K)]
  0x00000287db60fd10 ConcurrentGCThread "G1 Main Marker"            [id=6368, stack(0x000000ff2c200000,0x000000ff2c300000) (1024K)]
  0x00000287d25f1920 WorkerThread "G1 Conc#0"                       [id=17520, stack(0x000000ff2c300000,0x000000ff2c400000) (1024K)]
  0x00000287ff24f2d0 WorkerThread "G1 Conc#1"                       [id=12824, stack(0x000000ff2e600000,0x000000ff2e700000) (1024K)]
  0x00000287f80b4360 ConcurrentGCThread "G1 Refine#0"               [id=7204, stack(0x000000ff2c400000,0x000000ff2c500000) (1024K)]
  0x00000287f80b6b90 ConcurrentGCThread "G1 Service"                [id=6140, stack(0x000000ff2c500000,0x000000ff2c600000) (1024K)]
Total: 15

Threads with active compile tasks:
C2 CompilerThread0   626096 42035       4       org.jetbrains.kotlin.fir.scopes.impl.FirTypeIntersectionScopeContext::convertGroupedCallablesToIntersectionResults (1071 bytes)
Total: 1

VM state: not at safepoint (normal execution)

VM Mutex/Monitor currently owned by a thread: None

Heap address: 0x0000000080000000, size: 2048 MB, Compressed Oops mode: 32-bit

CDS archive(s) mapped at: [0x0000028780000000-0x0000028780c90000-0x0000028780c90000), size 13172736, SharedBaseAddress: 0x0000028780000000, ArchiveRelocationMode: 1.
Compressed class space mapped at: 0x0000028781000000-0x00000287c1000000, reserved size: 1073741824
Narrow klass base: 0x0000028780000000, Narrow klass shift: 0, Narrow klass range: 0x100000000

GC Precious Log:
 CardTable entry size: 512
 Card Set container configuration: InlinePtr #cards 5 size 8 Array Of Cards #cards 12 size 40 Howl #buckets 4 coarsen threshold 1843 Howl Bitmap #cards 512 size 80 coarsen threshold 460 Card regions per heap region 1 cards per card region 2048
 CPUs: 8 total, 8 available
 Memory: 3767M
 Large Page Support: Disabled
 NUMA Support: Disabled
 Compressed Oops: Enabled (32-bit)
 Heap Region Size: 1M
 Heap Min Capacity: 8M
 Heap Initial Capacity: 60M
 Heap Max Capacity: 2G
 Pre-touch: Disabled
 Parallel Workers: 8
 Concurrent Workers: 2
 Concurrent Refinement Workers: 8
 Periodic GC: Disabled

Heap:
 garbage-first heap   total 516096K, used 382886K [0x0000000080000000, 0x0000000100000000)
  region size 1024K, 88 young (90112K), 6 survivors (6144K)
 Metaspace       used 242393K, committed 245184K, reserved 1310720K
  class space    used 28815K, committed 30208K, reserved 1048576K

Heap Regions: E=young(eden), S=young(survivor), O=old, HS=humongous(starts), HC=humongous(continues), CS=collection set, F=free, TAMS=top-at-mark-start, PB=parsable bottom
|   0|0x0000000080000000, 0x0000000080100000, 0x0000000080100000|100%|HS|  |TAMS 0x0000000080000000| PB 0x0000000080000000| Complete 
|   1|0x0000000080100000, 0x0000000080200000, 0x0000000080200000|100%|HC|  |TAMS 0x0000000080100000| PB 0x0000000080100000| Complete 
|   2|0x0000000080200000, 0x0000000080300000, 0x0000000080300000|100%|HC|  |TAMS 0x0000000080200000| PB 0x0000000080200000| Complete 
|   3|0x0000000080300000, 0x0000000080400000, 0x0000000080400000|100%|HC|  |TAMS 0x0000000080300000| PB 0x0000000080300000| Complete 
|   4|0x0000000080400000, 0x0000000080500000, 0x0000000080500000|100%| O|  |TAMS 0x0000000080400000| PB 0x0000000080400000| Untracked 
|   5|0x0000000080500000, 0x0000000080600000, 0x0000000080600000|100%| O|  |TAMS 0x0000000080500000| PB 0x0000000080500000| Untracked 
|   6|0x0000000080600000, 0x0000000080700000, 0x0000000080700000|100%| O|  |TAMS 0x0000000080600000| PB 0x0000000080600000| Untracked 
|   7|0x0000000080700000, 0x0000000080800000, 0x0000000080800000|100%| O|  |TAMS 0x0000000080700000| PB 0x0000000080700000| Untracked 
|   8|0x0000000080800000, 0x0000000080900000, 0x0000000080900000|100%| O|  |TAMS 0x0000000080800000| PB 0x0000000080800000| Untracked 
|   9|0x0000000080900000, 0x0000000080a00000, 0x0000000080a00000|100%| O|  |TAMS 0x0000000080900000| PB 0x0000000080900000| Untracked 
|  10|0x0000000080a00000, 0x0000000080b00000, 0x0000000080b00000|100%| O|  |TAMS 0x0000000080a00000| PB 0x0000000080a00000| Untracked 
|  11|0x0000000080b00000, 0x0000000080c00000, 0x0000000080c00000|100%|HS|  |TAMS 0x0000000080b00000| PB 0x0000000080b00000| Complete 
|  12|0x0000000080c00000, 0x0000000080d00000, 0x0000000080d00000|100%| O|  |TAMS 0x0000000080c00000| PB 0x0000000080c00000| Untracked 
|  13|0x0000000080d00000, 0x0000000080e00000, 0x0000000080e00000|100%| O|  |TAMS 0x0000000080d00000| PB 0x0000000080d00000| Untracked 
|  14|0x0000000080e00000, 0x0000000080f00000, 0x0000000080f00000|100%| O|  |TAMS 0x0000000080e00000| PB 0x0000000080e00000| Untracked 
|  15|0x0000000080f00000, 0x0000000081000000, 0x0000000081000000|100%| O|  |TAMS 0x0000000080f00000| PB 0x0000000080f00000| Untracked 
|  16|0x0000000081000000, 0x0000000081100000, 0x0000000081100000|100%| O|  |TAMS 0x0000000081000000| PB 0x0000000081000000| Untracked 
|  17|0x0000000081100000, 0x0000000081200000, 0x0000000081200000|100%| O|  |TAMS 0x0000000081100000| PB 0x0000000081100000| Untracked 
|  18|0x0000000081200000, 0x0000000081300000, 0x0000000081300000|100%| O|  |TAMS 0x0000000081200000| PB 0x0000000081200000| Untracked 
|  19|0x0000000081300000, 0x0000000081400000, 0x0000000081400000|100%| O|  |TAMS 0x0000000081300000| PB 0x0000000081300000| Untracked 
|  20|0x0000000081400000, 0x0000000081500000, 0x0000000081500000|100%| O|  |TAMS 0x0000000081400000| PB 0x0000000081400000| Untracked 
|  21|0x0000000081500000, 0x0000000081600000, 0x0000000081600000|100%| O|  |TAMS 0x0000000081500000| PB 0x0000000081500000| Untracked 
|  22|0x0000000081600000, 0x0000000081700000, 0x0000000081700000|100%| O|  |TAMS 0x0000000081600000| PB 0x0000000081600000| Untracked 
|  23|0x0000000081700000, 0x0000000081800000, 0x0000000081800000|100%| O|  |TAMS 0x0000000081700000| PB 0x0000000081700000| Untracked 
|  24|0x0000000081800000, 0x0000000081900000, 0x0000000081900000|100%| O|  |TAMS 0x0000000081800000| PB 0x0000000081800000| Untracked 
|  25|0x0000000081900000, 0x0000000081a00000, 0x0000000081a00000|100%| O|  |TAMS 0x0000000081900000| PB 0x0000000081900000| Untracked 
|  26|0x0000000081a00000, 0x0000000081b00000, 0x0000000081b00000|100%| O|  |TAMS 0x0000000081a00000| PB 0x0000000081a00000| Untracked 
|  27|0x0000000081b00000, 0x0000000081c00000, 0x0000000081c00000|100%| O|  |TAMS 0x0000000081b00000| PB 0x0000000081b00000| Untracked 
|  28|0x0000000081c00000, 0x0000000081d00000, 0x0000000081d00000|100%| O|  |TAMS 0x0000000081c00000| PB 0x0000000081c00000| Untracked 
|  29|0x0000000081d00000, 0x0000000081e00000, 0x0000000081e00000|100%| O|  |TAMS 0x0000000081d00000| PB 0x0000000081d00000| Untracked 
|  30|0x0000000081e00000, 0x0000000081f00000, 0x0000000081f00000|100%| O|  |TAMS 0x0000000081e00000| PB 0x0000000081e00000| Untracked 
|  31|0x0000000081f00000, 0x0000000082000000, 0x0000000082000000|100%| O|  |TAMS 0x0000000081f00000| PB 0x0000000081f00000| Untracked 
|  32|0x0000000082000000, 0x0000000082100000, 0x0000000082100000|100%| O|  |TAMS 0x0000000082000000| PB 0x0000000082000000| Untracked 
|  33|0x0000000082100000, 0x0000000082200000, 0x0000000082200000|100%| O|  |TAMS 0x0000000082100000| PB 0x0000000082100000| Untracked 
|  34|0x0000000082200000, 0x0000000082300000, 0x0000000082300000|100%| O|  |TAMS 0x0000000082200000| PB 0x0000000082200000| Untracked 
|  35|0x0000000082300000, 0x0000000082400000, 0x0000000082400000|100%| O|  |TAMS 0x0000000082300000| PB 0x0000000082300000| Untracked 
|  36|0x0000000082400000, 0x0000000082500000, 0x0000000082500000|100%| O|  |TAMS 0x0000000082400000| PB 0x0000000082400000| Untracked 
|  37|0x0000000082500000, 0x0000000082600000, 0x0000000082600000|100%| O|  |TAMS 0x0000000082500000| PB 0x0000000082500000| Untracked 
|  38|0x0000000082600000, 0x0000000082700000, 0x0000000082700000|100%| O|  |TAMS 0x0000000082600000| PB 0x0000000082600000| Untracked 
|  39|0x0000000082700000, 0x0000000082800000, 0x0000000082800000|100%| O|  |TAMS 0x0000000082700000| PB 0x0000000082700000| Untracked 
|  40|0x0000000082800000, 0x0000000082900000, 0x0000000082900000|100%|HS|  |TAMS 0x0000000082800000| PB 0x0000000082800000| Complete 
|  41|0x0000000082900000, 0x0000000082a00000, 0x0000000082a00000|100%| O|  |TAMS 0x0000000082900000| PB 0x0000000082900000| Untracked 
|  42|0x0000000082a00000, 0x0000000082b00000, 0x0000000082b00000|100%| O|  |TAMS 0x0000000082a00000| PB 0x0000000082a00000| Untracked 
|  43|0x0000000082b00000, 0x0000000082c00000, 0x0000000082c00000|100%| O|  |TAMS 0x0000000082b00000| PB 0x0000000082b00000| Untracked 
|  44|0x0000000082c00000, 0x0000000082d00000, 0x0000000082d00000|100%| O|  |TAMS 0x0000000082c00000| PB 0x0000000082c00000| Untracked 
|  45|0x0000000082d00000, 0x0000000082e00000, 0x0000000082e00000|100%|HS|  |TAMS 0x0000000082d00000| PB 0x0000000082d00000| Complete 
|  46|0x0000000082e00000, 0x0000000082f00000, 0x0000000082f00000|100%|HS|  |TAMS 0x0000000082e00000| PB 0x0000000082e00000| Complete 
|  47|0x0000000082f00000, 0x0000000083000000, 0x0000000083000000|100%|HC|  |TAMS 0x0000000082f00000| PB 0x0000000082f00000| Complete 
|  48|0x0000000083000000, 0x0000000083100000, 0x0000000083100000|100%|HS|  |TAMS 0x0000000083000000| PB 0x0000000083000000| Complete 
|  49|0x0000000083100000, 0x0000000083200000, 0x0000000083200000|100%|HS|  |TAMS 0x0000000083100000| PB 0x0000000083100000| Complete 
|  50|0x0000000083200000, 0x0000000083300000, 0x0000000083300000|100%|HS|  |TAMS 0x0000000083200000| PB 0x0000000083200000| Complete 
|  51|0x0000000083300000, 0x0000000083400000, 0x0000000083400000|100%|HS|  |TAMS 0x0000000083300000| PB 0x0000000083300000| Complete 
|  52|0x0000000083400000, 0x0000000083500000, 0x0000000083500000|100%| O|  |TAMS 0x0000000083400000| PB 0x0000000083400000| Untracked 
|  53|0x0000000083500000, 0x0000000083600000, 0x0000000083600000|100%| O|  |TAMS 0x0000000083500000| PB 0x0000000083500000| Untracked 
|  54|0x0000000083600000, 0x0000000083700000, 0x0000000083700000|100%| O|  |TAMS 0x0000000083600000| PB 0x0000000083600000| Untracked 
|  55|0x0000000083700000, 0x0000000083800000, 0x0000000083800000|100%|HS|  |TAMS 0x0000000083700000| PB 0x0000000083700000| Complete 
|  56|0x0000000083800000, 0x0000000083900000, 0x0000000083900000|100%|HC|  |TAMS 0x0000000083800000| PB 0x0000000083800000| Complete 
|  57|0x0000000083900000, 0x0000000083a00000, 0x0000000083a00000|100%| O|  |TAMS 0x0000000083900000| PB 0x0000000083900000| Untracked 
|  58|0x0000000083a00000, 0x0000000083b00000, 0x0000000083b00000|100%| O|  |TAMS 0x0000000083a00000| PB 0x0000000083a00000| Untracked 
|  59|0x0000000083b00000, 0x0000000083c00000, 0x0000000083c00000|100%| O|  |TAMS 0x0000000083b00000| PB 0x0000000083b00000| Untracked 
|  60|0x0000000083c00000, 0x0000000083d00000, 0x0000000083d00000|100%| O|  |TAMS 0x0000000083c00000| PB 0x0000000083c00000| Untracked 
|  61|0x0000000083d00000, 0x0000000083e00000, 0x0000000083e00000|100%| O|  |TAMS 0x0000000083d00000| PB 0x0000000083d00000| Untracked 
|  62|0x0000000083e00000, 0x0000000083f00000, 0x0000000083f00000|100%| O|  |TAMS 0x0000000083e00000| PB 0x0000000083e00000| Untracked 
|  63|0x0000000083f00000, 0x0000000084000000, 0x0000000084000000|100%| O|  |TAMS 0x0000000083f00000| PB 0x0000000083f00000| Untracked 
|  64|0x0000000084000000, 0x0000000084100000, 0x0000000084100000|100%|HS|  |TAMS 0x0000000084000000| PB 0x0000000084000000| Complete 
|  65|0x0000000084100000, 0x0000000084200000, 0x0000000084200000|100%| O|  |TAMS 0x0000000084100000| PB 0x0000000084100000| Untracked 
|  66|0x0000000084200000, 0x0000000084300000, 0x0000000084300000|100%| O|  |TAMS 0x0000000084200000| PB 0x0000000084200000| Untracked 
|  67|0x0000000084300000, 0x0000000084400000, 0x0000000084400000|100%| O|  |TAMS 0x0000000084300000| PB 0x0000000084300000| Untracked 
|  68|0x0000000084400000, 0x0000000084500000, 0x0000000084500000|100%| O|  |TAMS 0x0000000084400000| PB 0x0000000084400000| Untracked 
|  69|0x0000000084500000, 0x0000000084600000, 0x0000000084600000|100%| O|  |TAMS 0x0000000084500000| PB 0x0000000084500000| Untracked 
|  70|0x0000000084600000, 0x0000000084700000, 0x0000000084700000|100%| O|  |TAMS 0x0000000084600000| PB 0x0000000084600000| Untracked 
|  71|0x0000000084700000, 0x0000000084800000, 0x0000000084800000|100%| O|  |TAMS 0x0000000084700000| PB 0x0000000084700000| Untracked 
|  72|0x0000000084800000, 0x0000000084900000, 0x0000000084900000|100%| O|  |TAMS 0x0000000084800000| PB 0x0000000084800000| Untracked 
|  73|0x0000000084900000, 0x0000000084a00000, 0x0000000084a00000|100%| O|  |TAMS 0x0000000084900000| PB 0x0000000084900000| Untracked 
|  74|0x0000000084a00000, 0x0000000084b00000, 0x0000000084b00000|100%| O|  |TAMS 0x0000000084a00000| PB 0x0000000084a00000| Untracked 
|  75|0x0000000084b00000, 0x0000000084c00000, 0x0000000084c00000|100%| O|  |TAMS 0x0000000084b00000| PB 0x0000000084b00000| Untracked 
|  76|0x0000000084c00000, 0x0000000084d00000, 0x0000000084d00000|100%| O|  |TAMS 0x0000000084c00000| PB 0x0000000084c00000| Untracked 
|  77|0x0000000084d00000, 0x0000000084e00000, 0x0000000084e00000|100%| O|  |TAMS 0x0000000084d00000| PB 0x0000000084d00000| Untracked 
|  78|0x0000000084e00000, 0x0000000084f00000, 0x0000000084f00000|100%| O|  |TAMS 0x0000000084e00000| PB 0x0000000084e00000| Untracked 
|  79|0x0000000084f00000, 0x0000000085000000, 0x0000000085000000|100%| O|  |TAMS 0x0000000084f00000| PB 0x0000000084f00000| Untracked 
|  80|0x0000000085000000, 0x0000000085100000, 0x0000000085100000|100%| O|  |TAMS 0x0000000085000000| PB 0x0000000085000000| Untracked 
|  81|0x0000000085100000, 0x0000000085200000, 0x0000000085200000|100%| O|  |TAMS 0x0000000085100000| PB 0x0000000085100000| Untracked 
|  82|0x0000000085200000, 0x0000000085300000, 0x0000000085300000|100%| O|  |TAMS 0x0000000085200000| PB 0x0000000085200000| Untracked 
|  83|0x0000000085300000, 0x0000000085400000, 0x0000000085400000|100%| O|  |TAMS 0x0000000085300000| PB 0x0000000085300000| Untracked 
|  84|0x0000000085400000, 0x0000000085500000, 0x0000000085500000|100%| O|  |TAMS 0x0000000085400000| PB 0x0000000085400000| Untracked 
|  85|0x0000000085500000, 0x0000000085600000, 0x0000000085600000|100%| O|  |TAMS 0x0000000085500000| PB 0x0000000085500000| Untracked 
|  86|0x0000000085600000, 0x0000000085700000, 0x0000000085700000|100%| O|  |TAMS 0x0000000085600000| PB 0x0000000085600000| Untracked 
|  87|0x0000000085700000, 0x0000000085800000, 0x0000000085800000|100%| O|  |TAMS 0x0000000085700000| PB 0x0000000085700000| Untracked 
|  88|0x0000000085800000, 0x0000000085900000, 0x0000000085900000|100%| O|  |TAMS 0x0000000085800000| PB 0x0000000085800000| Untracked 
|  89|0x0000000085900000, 0x0000000085a00000, 0x0000000085a00000|100%| O|  |TAMS 0x0000000085900000| PB 0x0000000085900000| Untracked 
|  90|0x0000000085a00000, 0x0000000085b00000, 0x0000000085b00000|100%| O|  |TAMS 0x0000000085a00000| PB 0x0000000085a00000| Untracked 
|  91|0x0000000085b00000, 0x0000000085c00000, 0x0000000085c00000|100%| O|  |TAMS 0x0000000085b00000| PB 0x0000000085b00000| Untracked 
|  92|0x0000000085c00000, 0x0000000085d00000, 0x0000000085d00000|100%| O|  |TAMS 0x0000000085c00000| PB 0x0000000085c00000| Untracked 
|  93|0x0000000085d00000, 0x0000000085e00000, 0x0000000085e00000|100%| O|  |TAMS 0x0000000085d00000| PB 0x0000000085d00000| Untracked 
|  94|0x0000000085e00000, 0x0000000085f00000, 0x0000000085f00000|100%| O|  |TAMS 0x0000000085e00000| PB 0x0000000085e00000| Untracked 
|  95|0x0000000085f00000, 0x0000000086000000, 0x0000000086000000|100%| O|  |TAMS 0x0000000085f00000| PB 0x0000000085f00000| Untracked 
|  96|0x0000000086000000, 0x0000000086100000, 0x0000000086100000|100%| O|  |TAMS 0x0000000086000000| PB 0x0000000086000000| Untracked 
|  97|0x0000000086100000, 0x0000000086200000, 0x0000000086200000|100%| O|  |TAMS 0x0000000086100000| PB 0x0000000086100000| Untracked 
|  98|0x0000000086200000, 0x0000000086300000, 0x0000000086300000|100%| O|  |TAMS 0x0000000086200000| PB 0x0000000086200000| Untracked 
|  99|0x0000000086300000, 0x0000000086400000, 0x0000000086400000|100%| O|  |TAMS 0x0000000086300000| PB 0x0000000086300000| Untracked 
| 100|0x0000000086400000, 0x0000000086500000, 0x0000000086500000|100%| O|  |TAMS 0x0000000086400000| PB 0x0000000086400000| Untracked 
| 101|0x0000000086500000, 0x0000000086600000, 0x0000000086600000|100%| O|  |TAMS 0x0000000086500000| PB 0x0000000086500000| Untracked 
| 102|0x0000000086600000, 0x0000000086700000, 0x0000000086700000|100%| O|  |TAMS 0x0000000086600000| PB 0x0000000086600000| Untracked 
| 103|0x0000000086700000, 0x0000000086800000, 0x0000000086800000|100%| O|  |TAMS 0x0000000086700000| PB 0x0000000086700000| Untracked 
| 104|0x0000000086800000, 0x0000000086900000, 0x0000000086900000|100%| O|  |TAMS 0x0000000086800000| PB 0x0000000086800000| Untracked 
| 105|0x0000000086900000, 0x0000000086a00000, 0x0000000086a00000|100%| O|  |TAMS 0x0000000086900000| PB 0x0000000086900000| Untracked 
| 106|0x0000000086a00000, 0x0000000086b00000, 0x0000000086b00000|100%| O|  |TAMS 0x0000000086a00000| PB 0x0000000086a00000| Untracked 
| 107|0x0000000086b00000, 0x0000000086c00000, 0x0000000086c00000|100%| O|  |TAMS 0x0000000086b00000| PB 0x0000000086b00000| Untracked 
| 108|0x0000000086c00000, 0x0000000086d00000, 0x0000000086d00000|100%| O|  |TAMS 0x0000000086c00000| PB 0x0000000086c00000| Untracked 
| 109|0x0000000086d00000, 0x0000000086e00000, 0x0000000086e00000|100%| O|  |TAMS 0x0000000086d00000| PB 0x0000000086d00000| Untracked 
| 110|0x0000000086e00000, 0x0000000086f00000, 0x0000000086f00000|100%| O|  |TAMS 0x0000000086e00000| PB 0x0000000086e00000| Untracked 
| 111|0x0000000086f00000, 0x0000000087000000, 0x0000000087000000|100%| O|  |TAMS 0x0000000086f00000| PB 0x0000000086f00000| Untracked 
| 112|0x0000000087000000, 0x0000000087100000, 0x0000000087100000|100%|HS|  |TAMS 0x0000000087000000| PB 0x0000000087000000| Complete 
| 113|0x0000000087100000, 0x0000000087200000, 0x0000000087200000|100%|HC|  |TAMS 0x0000000087100000| PB 0x0000000087100000| Complete 
| 114|0x0000000087200000, 0x0000000087300000, 0x0000000087300000|100%|HC|  |TAMS 0x0000000087200000| PB 0x0000000087200000| Complete 
| 115|0x0000000087300000, 0x0000000087400000, 0x0000000087400000|100%|HC|  |TAMS 0x0000000087300000| PB 0x0000000087300000| Complete 
| 116|0x0000000087400000, 0x0000000087500000, 0x0000000087500000|100%| O|  |TAMS 0x0000000087400000| PB 0x0000000087400000| Untracked 
| 117|0x0000000087500000, 0x0000000087600000, 0x0000000087600000|100%| O|  |TAMS 0x0000000087500000| PB 0x0000000087500000| Untracked 
| 118|0x0000000087600000, 0x0000000087700000, 0x0000000087700000|100%| O|  |TAMS 0x0000000087600000| PB 0x0000000087600000| Untracked 
| 119|0x0000000087700000, 0x0000000087800000, 0x0000000087800000|100%| O|  |TAMS 0x0000000087700000| PB 0x0000000087700000| Untracked 
| 120|0x0000000087800000, 0x0000000087900000, 0x0000000087900000|100%| O|  |TAMS 0x0000000087800000| PB 0x0000000087800000| Untracked 
| 121|0x0000000087900000, 0x0000000087a00000, 0x0000000087a00000|100%| O|  |TAMS 0x0000000087900000| PB 0x0000000087900000| Untracked 
| 122|0x0000000087a00000, 0x0000000087b00000, 0x0000000087b00000|100%| O|  |TAMS 0x0000000087a00000| PB 0x0000000087a00000| Untracked 
| 123|0x0000000087b00000, 0x0000000087c00000, 0x0000000087c00000|100%| O|  |TAMS 0x0000000087b00000| PB 0x0000000087b00000| Untracked 
| 124|0x0000000087c00000, 0x0000000087d00000, 0x0000000087d00000|100%| O|  |TAMS 0x0000000087c00000| PB 0x0000000087c00000| Untracked 
| 125|0x0000000087d00000, 0x0000000087e00000, 0x0000000087e00000|100%| O|  |TAMS 0x0000000087d00000| PB 0x0000000087d00000| Untracked 
| 126|0x0000000087e00000, 0x0000000087f00000, 0x0000000087f00000|100%| O|Cm|TAMS 0x0000000087e00000| PB 0x0000000087e00000| Complete 
| 127|0x0000000087f00000, 0x0000000088000000, 0x0000000088000000|100%| O|  |TAMS 0x0000000087f00000| PB 0x0000000087f00000| Untracked 
| 128|0x0000000088000000, 0x0000000088100000, 0x0000000088100000|100%| O|  |TAMS 0x0000000088000000| PB 0x0000000088000000| Untracked 
| 129|0x0000000088100000, 0x0000000088200000, 0x0000000088200000|100%| O|  |TAMS 0x0000000088100000| PB 0x0000000088100000| Untracked 
| 130|0x0000000088200000, 0x0000000088300000, 0x0000000088300000|100%| O|  |TAMS 0x0000000088200000| PB 0x0000000088200000| Untracked 
| 131|0x0000000088300000, 0x0000000088400000, 0x0000000088400000|100%|HS|  |TAMS 0x0000000088300000| PB 0x0000000088300000| Complete 
| 132|0x0000000088400000, 0x0000000088500000, 0x0000000088500000|100%| O|  |TAMS 0x0000000088400000| PB 0x0000000088400000| Untracked 
| 133|0x0000000088500000, 0x0000000088600000, 0x0000000088600000|100%| O|  |TAMS 0x0000000088500000| PB 0x0000000088500000| Untracked 
| 134|0x0000000088600000, 0x0000000088700000, 0x0000000088700000|100%| O|  |TAMS 0x0000000088600000| PB 0x0000000088600000| Untracked 
| 135|0x0000000088700000, 0x0000000088800000, 0x0000000088800000|100%| O|  |TAMS 0x0000000088700000| PB 0x0000000088700000| Untracked 
| 136|0x0000000088800000, 0x0000000088900000, 0x0000000088900000|100%| O|  |TAMS 0x0000000088800000| PB 0x0000000088800000| Untracked 
| 137|0x0000000088900000, 0x0000000088a00000, 0x0000000088a00000|100%| O|  |TAMS 0x0000000088900000| PB 0x0000000088900000| Untracked 
| 138|0x0000000088a00000, 0x0000000088b00000, 0x0000000088b00000|100%| O|  |TAMS 0x0000000088a00000| PB 0x0000000088a00000| Untracked 
| 139|0x0000000088b00000, 0x0000000088c00000, 0x0000000088c00000|100%| O|  |TAMS 0x0000000088b00000| PB 0x0000000088b00000| Untracked 
| 140|0x0000000088c00000, 0x0000000088d00000, 0x0000000088d00000|100%| O|  |TAMS 0x0000000088c00000| PB 0x0000000088c00000| Untracked 
| 141|0x0000000088d00000, 0x0000000088e00000, 0x0000000088e00000|100%| O|  |TAMS 0x0000000088d00000| PB 0x0000000088d00000| Untracked 
| 142|0x0000000088e00000, 0x0000000088f00000, 0x0000000088f00000|100%| O|  |TAMS 0x0000000088e00000| PB 0x0000000088e00000| Untracked 
| 143|0x0000000088f00000, 0x0000000089000000, 0x0000000089000000|100%| O|  |TAMS 0x0000000088f00000| PB 0x0000000088f00000| Untracked 
| 144|0x0000000089000000, 0x0000000089100000, 0x0000000089100000|100%| O|  |TAMS 0x0000000089000000| PB 0x0000000089000000| Untracked 
| 145|0x0000000089100000, 0x0000000089200000, 0x0000000089200000|100%| O|  |TAMS 0x0000000089100000| PB 0x0000000089100000| Untracked 
| 146|0x0000000089200000, 0x0000000089300000, 0x0000000089300000|100%| O|  |TAMS 0x0000000089200000| PB 0x0000000089200000| Untracked 
| 147|0x0000000089300000, 0x0000000089400000, 0x0000000089400000|100%| O|  |TAMS 0x0000000089300000| PB 0x0000000089300000| Untracked 
| 148|0x0000000089400000, 0x0000000089500000, 0x0000000089500000|100%| O|  |TAMS 0x0000000089400000| PB 0x0000000089400000| Untracked 
| 149|0x0000000089500000, 0x0000000089600000, 0x0000000089600000|100%| O|  |TAMS 0x0000000089500000| PB 0x0000000089500000| Untracked 
| 150|0x0000000089600000, 0x0000000089700000, 0x0000000089700000|100%| O|  |TAMS 0x0000000089600000| PB 0x0000000089600000| Untracked 
| 151|0x0000000089700000, 0x0000000089800000, 0x0000000089800000|100%| O|  |TAMS 0x0000000089700000| PB 0x0000000089700000| Untracked 
| 152|0x0000000089800000, 0x0000000089900000, 0x0000000089900000|100%| O|  |TAMS 0x0000000089800000| PB 0x0000000089800000| Untracked 
| 153|0x0000000089900000, 0x0000000089a00000, 0x0000000089a00000|100%| O|  |TAMS 0x0000000089900000| PB 0x0000000089900000| Untracked 
| 154|0x0000000089a00000, 0x0000000089b00000, 0x0000000089b00000|100%| O|  |TAMS 0x0000000089a00000| PB 0x0000000089a00000| Untracked 
| 155|0x0000000089b00000, 0x0000000089c00000, 0x0000000089c00000|100%| O|  |TAMS 0x0000000089b00000| PB 0x0000000089b00000| Untracked 
| 156|0x0000000089c00000, 0x0000000089d00000, 0x0000000089d00000|100%| O|  |TAMS 0x0000000089c00000| PB 0x0000000089c00000| Untracked 
| 157|0x0000000089d00000, 0x0000000089e00000, 0x0000000089e00000|100%| O|  |TAMS 0x0000000089d00000| PB 0x0000000089d00000| Untracked 
| 158|0x0000000089e00000, 0x0000000089f00000, 0x0000000089f00000|100%| O|  |TAMS 0x0000000089e00000| PB 0x0000000089e00000| Untracked 
| 159|0x0000000089f00000, 0x000000008a000000, 0x000000008a000000|100%| O|  |TAMS 0x0000000089f00000| PB 0x0000000089f00000| Untracked 
| 160|0x000000008a000000, 0x000000008a100000, 0x000000008a100000|100%| O|  |TAMS 0x000000008a000000| PB 0x000000008a000000| Untracked 
| 161|0x000000008a100000, 0x000000008a200000, 0x000000008a200000|100%| O|  |TAMS 0x000000008a100000| PB 0x000000008a100000| Untracked 
| 162|0x000000008a200000, 0x000000008a300000, 0x000000008a300000|100%| O|  |TAMS 0x000000008a200000| PB 0x000000008a200000| Untracked 
| 163|0x000000008a300000, 0x000000008a400000, 0x000000008a400000|100%| O|  |TAMS 0x000000008a300000| PB 0x000000008a300000| Untracked 
| 164|0x000000008a400000, 0x000000008a500000, 0x000000008a500000|100%| O|  |TAMS 0x000000008a400000| PB 0x000000008a400000| Untracked 
| 165|0x000000008a500000, 0x000000008a600000, 0x000000008a600000|100%| O|  |TAMS 0x000000008a500000| PB 0x000000008a500000| Untracked 
| 166|0x000000008a600000, 0x000000008a700000, 0x000000008a700000|100%| O|Cm|TAMS 0x000000008a600000| PB 0x000000008a600000| Complete 
| 167|0x000000008a700000, 0x000000008a800000, 0x000000008a800000|100%| O|  |TAMS 0x000000008a700000| PB 0x000000008a700000| Untracked 
| 168|0x000000008a800000, 0x000000008a900000, 0x000000008a900000|100%| O|  |TAMS 0x000000008a800000| PB 0x000000008a800000| Untracked 
| 169|0x000000008a900000, 0x000000008aa00000, 0x000000008aa00000|100%|HS|  |TAMS 0x000000008a900000| PB 0x000000008a900000| Complete 
| 170|0x000000008aa00000, 0x000000008ab00000, 0x000000008ab00000|100%|HC|  |TAMS 0x000000008aa00000| PB 0x000000008aa00000| Complete 
| 171|0x000000008ab00000, 0x000000008ac00000, 0x000000008ac00000|100%|HC|  |TAMS 0x000000008ab00000| PB 0x000000008ab00000| Complete 
| 172|0x000000008ac00000, 0x000000008ad00000, 0x000000008ad00000|100%| O|  |TAMS 0x000000008ac00000| PB 0x000000008ac00000| Untracked 
| 173|0x000000008ad00000, 0x000000008ae00000, 0x000000008ae00000|100%| O|  |TAMS 0x000000008ad00000| PB 0x000000008ad00000| Untracked 
| 174|0x000000008ae00000, 0x000000008af00000, 0x000000008af00000|100%| O|  |TAMS 0x000000008ae00000| PB 0x000000008ae00000| Untracked 
| 175|0x000000008af00000, 0x000000008b000000, 0x000000008b000000|100%| O|  |TAMS 0x000000008af00000| PB 0x000000008af00000| Untracked 
| 176|0x000000008b000000, 0x000000008b100000, 0x000000008b100000|100%| O|  |TAMS 0x000000008b000000| PB 0x000000008b000000| Untracked 
| 177|0x000000008b100000, 0x000000008b200000, 0x000000008b200000|100%| O|  |TAMS 0x000000008b100000| PB 0x000000008b100000| Untracked 
| 178|0x000000008b200000, 0x000000008b300000, 0x000000008b300000|100%| O|  |TAMS 0x000000008b200000| PB 0x000000008b200000| Untracked 
| 179|0x000000008b300000, 0x000000008b400000, 0x000000008b400000|100%| O|Cm|TAMS 0x000000008b300000| PB 0x000000008b300000| Complete 
| 180|0x000000008b400000, 0x000000008b500000, 0x000000008b500000|100%| O|  |TAMS 0x000000008b400000| PB 0x000000008b400000| Untracked 
| 181|0x000000008b500000, 0x000000008b600000, 0x000000008b600000|100%| O|  |TAMS 0x000000008b500000| PB 0x000000008b500000| Untracked 
| 182|0x000000008b600000, 0x000000008b700000, 0x000000008b700000|100%| O|  |TAMS 0x000000008b600000| PB 0x000000008b600000| Untracked 
| 183|0x000000008b700000, 0x000000008b800000, 0x000000008b800000|100%| O|  |TAMS 0x000000008b700000| PB 0x000000008b700000| Untracked 
| 184|0x000000008b800000, 0x000000008b900000, 0x000000008b900000|100%| O|  |TAMS 0x000000008b800000| PB 0x000000008b800000| Untracked 
| 185|0x000000008b900000, 0x000000008ba00000, 0x000000008ba00000|100%| O|  |TAMS 0x000000008b900000| PB 0x000000008b900000| Untracked 
| 186|0x000000008ba00000, 0x000000008bb00000, 0x000000008bb00000|100%| O|  |TAMS 0x000000008ba00000| PB 0x000000008ba00000| Untracked 
| 187|0x000000008bb00000, 0x000000008bc00000, 0x000000008bc00000|100%| O|  |TAMS 0x000000008bb00000| PB 0x000000008bb00000| Untracked 
| 188|0x000000008bc00000, 0x000000008bd00000, 0x000000008bd00000|100%| O|  |TAMS 0x000000008bc00000| PB 0x000000008bc00000| Untracked 
| 189|0x000000008bd00000, 0x000000008be00000, 0x000000008be00000|100%| O|  |TAMS 0x000000008bd00000| PB 0x000000008bd00000| Untracked 
| 190|0x000000008be00000, 0x000000008bf00000, 0x000000008bf00000|100%| O|  |TAMS 0x000000008be00000| PB 0x000000008be00000| Untracked 
| 191|0x000000008bf00000, 0x000000008c000000, 0x000000008c000000|100%| O|  |TAMS 0x000000008bf00000| PB 0x000000008bf00000| Untracked 
| 192|0x000000008c000000, 0x000000008c100000, 0x000000008c100000|100%| O|  |TAMS 0x000000008c000000| PB 0x000000008c000000| Untracked 
| 193|0x000000008c100000, 0x000000008c200000, 0x000000008c200000|100%| O|  |TAMS 0x000000008c100000| PB 0x000000008c100000| Untracked 
| 194|0x000000008c200000, 0x000000008c300000, 0x000000008c300000|100%| O|  |TAMS 0x000000008c200000| PB 0x000000008c200000| Untracked 
| 195|0x000000008c300000, 0x000000008c400000, 0x000000008c400000|100%| O|  |TAMS 0x000000008c300000| PB 0x000000008c300000| Untracked 
| 196|0x000000008c400000, 0x000000008c500000, 0x000000008c500000|100%| O|  |TAMS 0x000000008c400000| PB 0x000000008c400000| Untracked 
| 197|0x000000008c500000, 0x000000008c600000, 0x000000008c600000|100%| O|  |TAMS 0x000000008c500000| PB 0x000000008c500000| Untracked 
| 198|0x000000008c600000, 0x000000008c700000, 0x000000008c700000|100%| O|  |TAMS 0x000000008c600000| PB 0x000000008c600000| Untracked 
| 199|0x000000008c700000, 0x000000008c800000, 0x000000008c800000|100%| O|  |TAMS 0x000000008c700000| PB 0x000000008c700000| Untracked 
| 200|0x000000008c800000, 0x000000008c900000, 0x000000008c900000|100%| O|  |TAMS 0x000000008c800000| PB 0x000000008c800000| Untracked 
| 201|0x000000008c900000, 0x000000008ca00000, 0x000000008ca00000|100%| O|  |TAMS 0x000000008c900000| PB 0x000000008c900000| Untracked 
| 202|0x000000008ca00000, 0x000000008cb00000, 0x000000008cb00000|100%| O|  |TAMS 0x000000008ca00000| PB 0x000000008ca00000| Untracked 
| 203|0x000000008cb00000, 0x000000008cc00000, 0x000000008cc00000|100%| O|  |TAMS 0x000000008cb00000| PB 0x000000008cb00000| Untracked 
| 204|0x000000008cc00000, 0x000000008cd00000, 0x000000008cd00000|100%| O|  |TAMS 0x000000008cc00000| PB 0x000000008cc00000| Untracked 
| 205|0x000000008cd00000, 0x000000008ce00000, 0x000000008ce00000|100%| O|  |TAMS 0x000000008cd00000| PB 0x000000008cd00000| Untracked 
| 206|0x000000008ce00000, 0x000000008cf00000, 0x000000008cf00000|100%| O|  |TAMS 0x000000008ce00000| PB 0x000000008ce00000| Untracked 
| 207|0x000000008cf00000, 0x000000008d000000, 0x000000008d000000|100%| O|  |TAMS 0x000000008cf00000| PB 0x000000008cf00000| Untracked 
| 208|0x000000008d000000, 0x000000008d100000, 0x000000008d100000|100%| O|  |TAMS 0x000000008d000000| PB 0x000000008d000000| Untracked 
| 209|0x000000008d100000, 0x000000008d200000, 0x000000008d200000|100%| O|  |TAMS 0x000000008d100000| PB 0x000000008d100000| Untracked 
| 210|0x000000008d200000, 0x000000008d300000, 0x000000008d300000|100%| O|  |TAMS 0x000000008d200000| PB 0x000000008d200000| Untracked 
| 211|0x000000008d300000, 0x000000008d400000, 0x000000008d400000|100%| O|  |TAMS 0x000000008d300000| PB 0x000000008d300000| Untracked 
| 212|0x000000008d400000, 0x000000008d500000, 0x000000008d500000|100%| O|  |TAMS 0x000000008d400000| PB 0x000000008d400000| Untracked 
| 213|0x000000008d500000, 0x000000008d600000, 0x000000008d600000|100%| O|  |TAMS 0x000000008d500000| PB 0x000000008d500000| Untracked 
| 214|0x000000008d600000, 0x000000008d700000, 0x000000008d700000|100%| O|  |TAMS 0x000000008d600000| PB 0x000000008d600000| Untracked 
| 215|0x000000008d700000, 0x000000008d800000, 0x000000008d800000|100%| O|  |TAMS 0x000000008d700000| PB 0x000000008d700000| Untracked 
| 216|0x000000008d800000, 0x000000008d900000, 0x000000008d900000|100%| O|  |TAMS 0x000000008d800000| PB 0x000000008d800000| Untracked 
| 217|0x000000008d900000, 0x000000008da00000, 0x000000008da00000|100%| O|  |TAMS 0x000000008d900000| PB 0x000000008d900000| Untracked 
| 218|0x000000008da00000, 0x000000008db00000, 0x000000008db00000|100%| O|  |TAMS 0x000000008da00000| PB 0x000000008da00000| Untracked 
| 219|0x000000008db00000, 0x000000008dc00000, 0x000000008dc00000|100%| O|Cm|TAMS 0x000000008db00000| PB 0x000000008db00000| Complete 
| 220|0x000000008dc00000, 0x000000008dd00000, 0x000000008dd00000|100%| O|Cm|TAMS 0x000000008dc00000| PB 0x000000008dc00000| Complete 
| 221|0x000000008dd00000, 0x000000008de00000, 0x000000008de00000|100%| O|  |TAMS 0x000000008dd00000| PB 0x000000008dd00000| Untracked 
| 222|0x000000008de00000, 0x000000008df00000, 0x000000008df00000|100%| O|  |TAMS 0x000000008de00000| PB 0x000000008de00000| Untracked 
| 223|0x000000008df00000, 0x000000008e000000, 0x000000008e000000|100%| O|  |TAMS 0x000000008df00000| PB 0x000000008df00000| Untracked 
| 224|0x000000008e000000, 0x000000008e100000, 0x000000008e100000|100%| O|  |TAMS 0x000000008e000000| PB 0x000000008e000000| Untracked 
| 225|0x000000008e100000, 0x000000008e200000, 0x000000008e200000|100%| O|  |TAMS 0x000000008e100000| PB 0x000000008e100000| Untracked 
| 226|0x000000008e200000, 0x000000008e300000, 0x000000008e300000|100%| O|  |TAMS 0x000000008e200000| PB 0x000000008e200000| Untracked 
| 227|0x000000008e300000, 0x000000008e400000, 0x000000008e400000|100%| O|  |TAMS 0x000000008e300000| PB 0x000000008e300000| Untracked 
| 228|0x000000008e400000, 0x000000008e500000, 0x000000008e500000|100%| O|  |TAMS 0x000000008e400000| PB 0x000000008e400000| Untracked 
| 229|0x000000008e500000, 0x000000008e600000, 0x000000008e600000|100%| O|  |TAMS 0x000000008e500000| PB 0x000000008e500000| Untracked 
| 230|0x000000008e600000, 0x000000008e700000, 0x000000008e700000|100%| O|  |TAMS 0x000000008e600000| PB 0x000000008e600000| Untracked 
| 231|0x000000008e700000, 0x000000008e800000, 0x000000008e800000|100%| O|  |TAMS 0x000000008e700000| PB 0x000000008e700000| Untracked 
| 232|0x000000008e800000, 0x000000008e900000, 0x000000008e900000|100%| O|  |TAMS 0x000000008e800000| PB 0x000000008e800000| Untracked 
| 233|0x000000008e900000, 0x000000008ea00000, 0x000000008ea00000|100%| O|  |TAMS 0x000000008e900000| PB 0x000000008e900000| Untracked 
| 234|0x000000008ea00000, 0x000000008eb00000, 0x000000008eb00000|100%| O|  |TAMS 0x000000008ea00000| PB 0x000000008ea00000| Untracked 
| 235|0x000000008eb00000, 0x000000008ec00000, 0x000000008ec00000|100%| O|  |TAMS 0x000000008eb00000| PB 0x000000008eb00000| Untracked 
| 236|0x000000008ec00000, 0x000000008ed00000, 0x000000008ed00000|100%| O|  |TAMS 0x000000008ec00000| PB 0x000000008ec00000| Untracked 
| 237|0x000000008ed00000, 0x000000008ee00000, 0x000000008ee00000|100%| O|  |TAMS 0x000000008ed00000| PB 0x000000008ed00000| Untracked 
| 238|0x000000008ee00000, 0x000000008ef00000, 0x000000008ef00000|100%| O|  |TAMS 0x000000008ee00000| PB 0x000000008ee00000| Untracked 
| 239|0x000000008ef00000, 0x000000008f000000, 0x000000008f000000|100%| O|  |TAMS 0x000000008ef00000| PB 0x000000008ef00000| Untracked 
| 240|0x000000008f000000, 0x000000008f100000, 0x000000008f100000|100%| O|  |TAMS 0x000000008f000000| PB 0x000000008f000000| Untracked 
| 241|0x000000008f100000, 0x000000008f200000, 0x000000008f200000|100%| O|  |TAMS 0x000000008f100000| PB 0x000000008f100000| Untracked 
| 242|0x000000008f200000, 0x000000008f300000, 0x000000008f300000|100%| O|  |TAMS 0x000000008f200000| PB 0x000000008f200000| Untracked 
| 243|0x000000008f300000, 0x000000008f400000, 0x000000008f400000|100%| O|  |TAMS 0x000000008f300000| PB 0x000000008f300000| Untracked 
| 244|0x000000008f400000, 0x000000008f500000, 0x000000008f500000|100%| O|  |TAMS 0x000000008f400000| PB 0x000000008f400000| Untracked 
| 245|0x000000008f500000, 0x000000008f600000, 0x000000008f600000|100%| O|  |TAMS 0x000000008f500000| PB 0x000000008f500000| Untracked 
| 246|0x000000008f600000, 0x000000008f700000, 0x000000008f700000|100%| O|  |TAMS 0x000000008f600000| PB 0x000000008f600000| Untracked 
| 247|0x000000008f700000, 0x000000008f800000, 0x000000008f800000|100%| O|  |TAMS 0x000000008f700000| PB 0x000000008f700000| Untracked 
| 248|0x000000008f800000, 0x000000008f900000, 0x000000008f900000|100%| O|  |TAMS 0x000000008f800000| PB 0x000000008f800000| Untracked 
| 249|0x000000008f900000, 0x000000008fa00000, 0x000000008fa00000|100%| O|  |TAMS 0x000000008f900000| PB 0x000000008f900000| Untracked 
| 250|0x000000008fa00000, 0x000000008fb00000, 0x000000008fb00000|100%| O|  |TAMS 0x000000008fa00000| PB 0x000000008fa00000| Untracked 
| 251|0x000000008fb00000, 0x000000008fc00000, 0x000000008fc00000|100%| O|  |TAMS 0x000000008fb00000| PB 0x000000008fb00000| Untracked 
| 252|0x000000008fc00000, 0x000000008fd00000, 0x000000008fd00000|100%| O|  |TAMS 0x000000008fc00000| PB 0x000000008fc00000| Untracked 
| 253|0x000000008fd00000, 0x000000008fe00000, 0x000000008fe00000|100%| O|  |TAMS 0x000000008fd00000| PB 0x000000008fd00000| Untracked 
| 254|0x000000008fe00000, 0x000000008ff00000, 0x000000008ff00000|100%| O|  |TAMS 0x000000008fe00000| PB 0x000000008fe00000| Untracked 
| 255|0x000000008ff00000, 0x0000000090000000, 0x0000000090000000|100%| O|  |TAMS 0x000000008ff00000| PB 0x000000008ff00000| Untracked 
| 256|0x0000000090000000, 0x0000000090100000, 0x0000000090100000|100%| O|  |TAMS 0x0000000090000000| PB 0x0000000090000000| Untracked 
| 257|0x0000000090100000, 0x0000000090200000, 0x0000000090200000|100%| O|  |TAMS 0x0000000090100000| PB 0x0000000090100000| Untracked 
| 258|0x0000000090200000, 0x0000000090300000, 0x0000000090300000|100%| O|Cm|TAMS 0x0000000090200000| PB 0x0000000090200000| Complete 
| 259|0x0000000090300000, 0x0000000090400000, 0x0000000090400000|100%| O|  |TAMS 0x0000000090300000| PB 0x0000000090300000| Untracked 
| 260|0x0000000090400000, 0x0000000090500000, 0x0000000090500000|100%| O|  |TAMS 0x0000000090400000| PB 0x0000000090400000| Untracked 
| 261|0x0000000090500000, 0x0000000090600000, 0x0000000090600000|100%| O|  |TAMS 0x0000000090500000| PB 0x0000000090500000| Untracked 
| 262|0x0000000090600000, 0x0000000090700000, 0x0000000090700000|100%| O|  |TAMS 0x0000000090600000| PB 0x0000000090600000| Untracked 
| 263|0x0000000090700000, 0x0000000090800000, 0x0000000090800000|100%| O|  |TAMS 0x0000000090700000| PB 0x0000000090700000| Untracked 
| 264|0x0000000090800000, 0x0000000090900000, 0x0000000090900000|100%| O|  |TAMS 0x0000000090800000| PB 0x0000000090800000| Untracked 
| 265|0x0000000090900000, 0x0000000090a00000, 0x0000000090a00000|100%| O|  |TAMS 0x0000000090900000| PB 0x0000000090900000| Untracked 
| 266|0x0000000090a00000, 0x0000000090b00000, 0x0000000090b00000|100%| O|  |TAMS 0x0000000090a00000| PB 0x0000000090a00000| Untracked 
| 267|0x0000000090b00000, 0x0000000090c00000, 0x0000000090c00000|100%| O|  |TAMS 0x0000000090b00000| PB 0x0000000090b00000| Untracked 
| 268|0x0000000090c00000, 0x0000000090d00000, 0x0000000090d00000|100%| O|  |TAMS 0x0000000090c00000| PB 0x0000000090c00000| Untracked 
| 269|0x0000000090d00000, 0x0000000090da4ce0, 0x0000000090e00000| 64%| O|  |TAMS 0x0000000090d00000| PB 0x0000000090d00000| Untracked 
| 270|0x0000000090e00000, 0x0000000090e00000, 0x0000000090f00000|  0%| F|  |TAMS 0x0000000090e00000| PB 0x0000000090e00000| Untracked 
| 271|0x0000000090f00000, 0x0000000090f00000, 0x0000000091000000|  0%| F|  |TAMS 0x0000000090f00000| PB 0x0000000090f00000| Untracked 
| 272|0x0000000091000000, 0x0000000091000000, 0x0000000091100000|  0%| F|  |TAMS 0x0000000091000000| PB 0x0000000091000000| Untracked 
| 273|0x0000000091100000, 0x0000000091100000, 0x0000000091200000|  0%| F|  |TAMS 0x0000000091100000| PB 0x0000000091100000| Untracked 
| 274|0x0000000091200000, 0x0000000091200000, 0x0000000091300000|  0%| F|  |TAMS 0x0000000091200000| PB 0x0000000091200000| Untracked 
| 275|0x0000000091300000, 0x0000000091300000, 0x0000000091400000|  0%| F|  |TAMS 0x0000000091300000| PB 0x0000000091300000| Untracked 
| 276|0x0000000091400000, 0x0000000091400000, 0x0000000091500000|  0%| F|  |TAMS 0x0000000091400000| PB 0x0000000091400000| Untracked 
| 277|0x0000000091500000, 0x0000000091500000, 0x0000000091600000|  0%| F|  |TAMS 0x0000000091500000| PB 0x0000000091500000| Untracked 
| 278|0x0000000091600000, 0x0000000091600000, 0x0000000091700000|  0%| F|  |TAMS 0x0000000091600000| PB 0x0000000091600000| Untracked 
| 279|0x0000000091700000, 0x0000000091700000, 0x0000000091800000|  0%| F|  |TAMS 0x0000000091700000| PB 0x0000000091700000| Untracked 
| 280|0x0000000091800000, 0x0000000091800000, 0x0000000091900000|  0%| F|  |TAMS 0x0000000091800000| PB 0x0000000091800000| Untracked 
| 281|0x0000000091900000, 0x0000000091900000, 0x0000000091a00000|  0%| F|  |TAMS 0x0000000091900000| PB 0x0000000091900000| Untracked 
| 282|0x0000000091a00000, 0x0000000091a00000, 0x0000000091b00000|  0%| F|  |TAMS 0x0000000091a00000| PB 0x0000000091a00000| Untracked 
| 283|0x0000000091b00000, 0x0000000091b00000, 0x0000000091c00000|  0%| F|  |TAMS 0x0000000091b00000| PB 0x0000000091b00000| Untracked 
| 284|0x0000000091c00000, 0x0000000091c00000, 0x0000000091d00000|  0%| F|  |TAMS 0x0000000091c00000| PB 0x0000000091c00000| Untracked 
| 285|0x0000000091d00000, 0x0000000091d00000, 0x0000000091e00000|  0%| F|  |TAMS 0x0000000091d00000| PB 0x0000000091d00000| Untracked 
| 286|0x0000000091e00000, 0x0000000091e00000, 0x0000000091f00000|  0%| F|  |TAMS 0x0000000091e00000| PB 0x0000000091e00000| Untracked 
| 287|0x0000000091f00000, 0x0000000091f00000, 0x0000000092000000|  0%| F|  |TAMS 0x0000000091f00000| PB 0x0000000091f00000| Untracked 
| 288|0x0000000092000000, 0x0000000092000000, 0x0000000092100000|  0%| F|  |TAMS 0x0000000092000000| PB 0x0000000092000000| Untracked 
| 289|0x0000000092100000, 0x0000000092100000, 0x0000000092200000|  0%| F|  |TAMS 0x0000000092100000| PB 0x0000000092100000| Untracked 
| 290|0x0000000092200000, 0x0000000092200000, 0x0000000092300000|  0%| F|  |TAMS 0x0000000092200000| PB 0x0000000092200000| Untracked 
| 291|0x0000000092300000, 0x0000000092300000, 0x0000000092400000|  0%| F|  |TAMS 0x0000000092300000| PB 0x0000000092300000| Untracked 
| 292|0x0000000092400000, 0x0000000092400000, 0x0000000092500000|  0%| F|  |TAMS 0x0000000092400000| PB 0x0000000092400000| Untracked 
| 293|0x0000000092500000, 0x0000000092500000, 0x0000000092600000|  0%| F|  |TAMS 0x0000000092500000| PB 0x0000000092500000| Untracked 
| 294|0x0000000092600000, 0x0000000092600000, 0x0000000092700000|  0%| F|  |TAMS 0x0000000092600000| PB 0x0000000092600000| Untracked 
| 295|0x0000000092700000, 0x0000000092700000, 0x0000000092800000|  0%| F|  |TAMS 0x0000000092700000| PB 0x0000000092700000| Untracked 
| 296|0x0000000092800000, 0x0000000092800000, 0x0000000092900000|  0%| F|  |TAMS 0x0000000092800000| PB 0x0000000092800000| Untracked 
| 297|0x0000000092900000, 0x0000000092900000, 0x0000000092a00000|  0%| F|  |TAMS 0x0000000092900000| PB 0x0000000092900000| Untracked 
| 298|0x0000000092a00000, 0x0000000092a00000, 0x0000000092b00000|  0%| F|  |TAMS 0x0000000092a00000| PB 0x0000000092a00000| Untracked 
| 299|0x0000000092b00000, 0x0000000092b00000, 0x0000000092c00000|  0%| F|  |TAMS 0x0000000092b00000| PB 0x0000000092b00000| Untracked 
| 300|0x0000000092c00000, 0x0000000092c00000, 0x0000000092d00000|  0%| F|  |TAMS 0x0000000092c00000| PB 0x0000000092c00000| Untracked 
| 301|0x0000000092d00000, 0x0000000092d00000, 0x0000000092e00000|  0%| F|  |TAMS 0x0000000092d00000| PB 0x0000000092d00000| Untracked 
| 302|0x0000000092e00000, 0x0000000092e00000, 0x0000000092f00000|  0%| F|  |TAMS 0x0000000092e00000| PB 0x0000000092e00000| Untracked 
| 303|0x0000000092f00000, 0x0000000092f00000, 0x0000000093000000|  0%| F|  |TAMS 0x0000000092f00000| PB 0x0000000092f00000| Untracked 
| 304|0x0000000093000000, 0x0000000093000000, 0x0000000093100000|  0%| F|  |TAMS 0x0000000093000000| PB 0x0000000093000000| Untracked 
| 305|0x0000000093100000, 0x0000000093100000, 0x0000000093200000|  0%| F|  |TAMS 0x0000000093100000| PB 0x0000000093100000| Untracked 
| 306|0x0000000093200000, 0x0000000093200000, 0x0000000093300000|  0%| F|  |TAMS 0x0000000093200000| PB 0x0000000093200000| Untracked 
| 307|0x0000000093300000, 0x0000000093300000, 0x0000000093400000|  0%| F|  |TAMS 0x0000000093300000| PB 0x0000000093300000| Untracked 
| 308|0x0000000093400000, 0x0000000093400000, 0x0000000093500000|  0%| F|  |TAMS 0x0000000093400000| PB 0x0000000093400000| Untracked 
| 309|0x0000000093500000, 0x0000000093500000, 0x0000000093600000|  0%| F|  |TAMS 0x0000000093500000| PB 0x0000000093500000| Untracked 
| 310|0x0000000093600000, 0x0000000093600000, 0x0000000093700000|  0%| F|  |TAMS 0x0000000093600000| PB 0x0000000093600000| Untracked 
| 311|0x0000000093700000, 0x0000000093700000, 0x0000000093800000|  0%| F|  |TAMS 0x0000000093700000| PB 0x0000000093700000| Untracked 
| 312|0x0000000093800000, 0x0000000093800000, 0x0000000093900000|  0%| F|  |TAMS 0x0000000093800000| PB 0x0000000093800000| Untracked 
| 313|0x0000000093900000, 0x0000000093900000, 0x0000000093a00000|  0%| F|  |TAMS 0x0000000093900000| PB 0x0000000093900000| Untracked 
| 314|0x0000000093a00000, 0x0000000093a00000, 0x0000000093b00000|  0%| F|  |TAMS 0x0000000093a00000| PB 0x0000000093a00000| Untracked 
| 315|0x0000000093b00000, 0x0000000093b00000, 0x0000000093c00000|  0%| F|  |TAMS 0x0000000093b00000| PB 0x0000000093b00000| Untracked 
| 316|0x0000000093c00000, 0x0000000093c00000, 0x0000000093d00000|  0%| F|  |TAMS 0x0000000093c00000| PB 0x0000000093c00000| Untracked 
| 317|0x0000000093d00000, 0x0000000093d00000, 0x0000000093e00000|  0%| F|  |TAMS 0x0000000093d00000| PB 0x0000000093d00000| Untracked 
| 318|0x0000000093e00000, 0x0000000093e00000, 0x0000000093f00000|  0%| F|  |TAMS 0x0000000093e00000| PB 0x0000000093e00000| Untracked 
| 319|0x0000000093f00000, 0x0000000093f00000, 0x0000000094000000|  0%| F|  |TAMS 0x0000000093f00000| PB 0x0000000093f00000| Untracked 
| 320|0x0000000094000000, 0x0000000094000000, 0x0000000094100000|  0%| F|  |TAMS 0x0000000094000000| PB 0x0000000094000000| Untracked 
| 321|0x0000000094100000, 0x0000000094100000, 0x0000000094200000|  0%| F|  |TAMS 0x0000000094100000| PB 0x0000000094100000| Untracked 
| 322|0x0000000094200000, 0x0000000094200000, 0x0000000094300000|  0%| F|  |TAMS 0x0000000094200000| PB 0x0000000094200000| Untracked 
| 323|0x0000000094300000, 0x0000000094300000, 0x0000000094400000|  0%| F|  |TAMS 0x0000000094300000| PB 0x0000000094300000| Untracked 
| 324|0x0000000094400000, 0x0000000094400000, 0x0000000094500000|  0%| F|  |TAMS 0x0000000094400000| PB 0x0000000094400000| Untracked 
| 325|0x0000000094500000, 0x0000000094500000, 0x0000000094600000|  0%| F|  |TAMS 0x0000000094500000| PB 0x0000000094500000| Untracked 
| 326|0x0000000094600000, 0x0000000094600000, 0x0000000094700000|  0%| F|  |TAMS 0x0000000094600000| PB 0x0000000094600000| Untracked 
| 327|0x0000000094700000, 0x0000000094700000, 0x0000000094800000|  0%| F|  |TAMS 0x0000000094700000| PB 0x0000000094700000| Untracked 
| 328|0x0000000094800000, 0x0000000094800000, 0x0000000094900000|  0%| F|  |TAMS 0x0000000094800000| PB 0x0000000094800000| Untracked 
| 329|0x0000000094900000, 0x0000000094900000, 0x0000000094a00000|  0%| F|  |TAMS 0x0000000094900000| PB 0x0000000094900000| Untracked 
| 330|0x0000000094a00000, 0x0000000094a00000, 0x0000000094b00000|  0%| F|  |TAMS 0x0000000094a00000| PB 0x0000000094a00000| Untracked 
| 331|0x0000000094b00000, 0x0000000094b00000, 0x0000000094c00000|  0%| F|  |TAMS 0x0000000094b00000| PB 0x0000000094b00000| Untracked 
| 332|0x0000000094c00000, 0x0000000094c00000, 0x0000000094d00000|  0%| F|  |TAMS 0x0000000094c00000| PB 0x0000000094c00000| Untracked 
| 333|0x0000000094d00000, 0x0000000094d00000, 0x0000000094e00000|  0%| F|  |TAMS 0x0000000094d00000| PB 0x0000000094d00000| Untracked 
| 334|0x0000000094e00000, 0x0000000094e00000, 0x0000000094f00000|  0%| F|  |TAMS 0x0000000094e00000| PB 0x0000000094e00000| Untracked 
| 335|0x0000000094f00000, 0x0000000094f00000, 0x0000000095000000|  0%| F|  |TAMS 0x0000000094f00000| PB 0x0000000094f00000| Untracked 
| 336|0x0000000095000000, 0x0000000095000000, 0x0000000095100000|  0%| F|  |TAMS 0x0000000095000000| PB 0x0000000095000000| Untracked 
| 337|0x0000000095100000, 0x0000000095100000, 0x0000000095200000|  0%| F|  |TAMS 0x0000000095100000| PB 0x0000000095100000| Untracked 
| 338|0x0000000095200000, 0x0000000095200000, 0x0000000095300000|  0%| F|  |TAMS 0x0000000095200000| PB 0x0000000095200000| Untracked 
| 339|0x0000000095300000, 0x0000000095300000, 0x0000000095400000|  0%| F|  |TAMS 0x0000000095300000| PB 0x0000000095300000| Untracked 
| 340|0x0000000095400000, 0x0000000095400000, 0x0000000095500000|  0%| F|  |TAMS 0x0000000095400000| PB 0x0000000095400000| Untracked 
| 341|0x0000000095500000, 0x0000000095500000, 0x0000000095600000|  0%| F|  |TAMS 0x0000000095500000| PB 0x0000000095500000| Untracked 
| 342|0x0000000095600000, 0x0000000095600000, 0x0000000095700000|  0%| F|  |TAMS 0x0000000095600000| PB 0x0000000095600000| Untracked 
| 343|0x0000000095700000, 0x0000000095700000, 0x0000000095800000|  0%| F|  |TAMS 0x0000000095700000| PB 0x0000000095700000| Untracked 
| 344|0x0000000095800000, 0x0000000095800000, 0x0000000095900000|  0%| F|  |TAMS 0x0000000095800000| PB 0x0000000095800000| Untracked 
| 345|0x0000000095900000, 0x0000000095900000, 0x0000000095a00000|  0%| F|  |TAMS 0x0000000095900000| PB 0x0000000095900000| Untracked 
| 346|0x0000000095a00000, 0x0000000095a00000, 0x0000000095b00000|  0%| F|  |TAMS 0x0000000095a00000| PB 0x0000000095a00000| Untracked 
| 347|0x0000000095b00000, 0x0000000095b00000, 0x0000000095c00000|  0%| F|  |TAMS 0x0000000095b00000| PB 0x0000000095b00000| Untracked 
| 348|0x0000000095c00000, 0x0000000095c00000, 0x0000000095d00000|  0%| F|  |TAMS 0x0000000095c00000| PB 0x0000000095c00000| Untracked 
| 349|0x0000000095d00000, 0x0000000095d00000, 0x0000000095e00000|  0%| F|  |TAMS 0x0000000095d00000| PB 0x0000000095d00000| Untracked 
| 350|0x0000000095e00000, 0x0000000095e00000, 0x0000000095f00000|  0%| F|  |TAMS 0x0000000095e00000| PB 0x0000000095e00000| Untracked 
| 351|0x0000000095f00000, 0x0000000095f00000, 0x0000000096000000|  0%| F|  |TAMS 0x0000000095f00000| PB 0x0000000095f00000| Untracked 
| 352|0x0000000096000000, 0x0000000096000000, 0x0000000096100000|  0%| F|  |TAMS 0x0000000096000000| PB 0x0000000096000000| Untracked 
| 353|0x0000000096100000, 0x0000000096100000, 0x0000000096200000|  0%| F|  |TAMS 0x0000000096100000| PB 0x0000000096100000| Untracked 
| 354|0x0000000096200000, 0x0000000096200000, 0x0000000096300000|  0%| F|  |TAMS 0x0000000096200000| PB 0x0000000096200000| Untracked 
| 355|0x0000000096300000, 0x0000000096300000, 0x0000000096400000|  0%| F|  |TAMS 0x0000000096300000| PB 0x0000000096300000| Untracked 
| 356|0x0000000096400000, 0x0000000096400000, 0x0000000096500000|  0%| F|  |TAMS 0x0000000096400000| PB 0x0000000096400000| Untracked 
| 357|0x0000000096500000, 0x0000000096500000, 0x0000000096600000|  0%| F|  |TAMS 0x0000000096500000| PB 0x0000000096500000| Untracked 
| 358|0x0000000096600000, 0x0000000096600000, 0x0000000096700000|  0%| F|  |TAMS 0x0000000096600000| PB 0x0000000096600000| Untracked 
| 359|0x0000000096700000, 0x0000000096700000, 0x0000000096800000|  0%| F|  |TAMS 0x0000000096700000| PB 0x0000000096700000| Untracked 
| 360|0x0000000096800000, 0x0000000096800000, 0x0000000096900000|  0%| F|  |TAMS 0x0000000096800000| PB 0x0000000096800000| Untracked 
| 361|0x0000000096900000, 0x0000000096900000, 0x0000000096a00000|  0%| F|  |TAMS 0x0000000096900000| PB 0x0000000096900000| Untracked 
| 362|0x0000000096a00000, 0x0000000096a00000, 0x0000000096b00000|  0%| F|  |TAMS 0x0000000096a00000| PB 0x0000000096a00000| Untracked 
| 363|0x0000000096b00000, 0x0000000096b00000, 0x0000000096c00000|  0%| F|  |TAMS 0x0000000096b00000| PB 0x0000000096b00000| Untracked 
| 364|0x0000000096c00000, 0x0000000096c00000, 0x0000000096d00000|  0%| F|  |TAMS 0x0000000096c00000| PB 0x0000000096c00000| Untracked 
| 365|0x0000000096d00000, 0x0000000096d00000, 0x0000000096e00000|  0%| F|  |TAMS 0x0000000096d00000| PB 0x0000000096d00000| Untracked 
| 366|0x0000000096e00000, 0x0000000096e00000, 0x0000000096f00000|  0%| F|  |TAMS 0x0000000096e00000| PB 0x0000000096e00000| Untracked 
| 367|0x0000000096f00000, 0x0000000096f00000, 0x0000000097000000|  0%| F|  |TAMS 0x0000000096f00000| PB 0x0000000096f00000| Untracked 
| 368|0x0000000097000000, 0x0000000097000000, 0x0000000097100000|  0%| F|  |TAMS 0x0000000097000000| PB 0x0000000097000000| Untracked 
| 369|0x0000000097100000, 0x0000000097100000, 0x0000000097200000|  0%| F|  |TAMS 0x0000000097100000| PB 0x0000000097100000| Untracked 
| 370|0x0000000097200000, 0x0000000097200000, 0x0000000097300000|  0%| F|  |TAMS 0x0000000097200000| PB 0x0000000097200000| Untracked 
| 371|0x0000000097300000, 0x0000000097300000, 0x0000000097400000|  0%| F|  |TAMS 0x0000000097300000| PB 0x0000000097300000| Untracked 
| 372|0x0000000097400000, 0x0000000097400000, 0x0000000097500000|  0%| F|  |TAMS 0x0000000097400000| PB 0x0000000097400000| Untracked 
| 373|0x0000000097500000, 0x0000000097500000, 0x0000000097600000|  0%| F|  |TAMS 0x0000000097500000| PB 0x0000000097500000| Untracked 
| 374|0x0000000097600000, 0x0000000097600000, 0x0000000097700000|  0%| F|  |TAMS 0x0000000097600000| PB 0x0000000097600000| Untracked 
| 375|0x0000000097700000, 0x0000000097700000, 0x0000000097800000|  0%| F|  |TAMS 0x0000000097700000| PB 0x0000000097700000| Untracked 
| 376|0x0000000097800000, 0x0000000097800000, 0x0000000097900000|  0%| F|  |TAMS 0x0000000097800000| PB 0x0000000097800000| Untracked 
| 377|0x0000000097900000, 0x0000000097900000, 0x0000000097a00000|  0%| F|  |TAMS 0x0000000097900000| PB 0x0000000097900000| Untracked 
| 378|0x0000000097a00000, 0x0000000097a00000, 0x0000000097b00000|  0%| F|  |TAMS 0x0000000097a00000| PB 0x0000000097a00000| Untracked 
| 379|0x0000000097b00000, 0x0000000097b00000, 0x0000000097c00000|  0%| F|  |TAMS 0x0000000097b00000| PB 0x0000000097b00000| Untracked 
| 380|0x0000000097c00000, 0x0000000097c00000, 0x0000000097d00000|  0%| F|  |TAMS 0x0000000097c00000| PB 0x0000000097c00000| Untracked 
| 381|0x0000000097d00000, 0x0000000097d00000, 0x0000000097e00000|  0%| F|  |TAMS 0x0000000097d00000| PB 0x0000000097d00000| Untracked 
| 382|0x0000000097e00000, 0x0000000097e00000, 0x0000000097f00000|  0%| F|  |TAMS 0x0000000097e00000| PB 0x0000000097e00000| Untracked 
| 383|0x0000000097f00000, 0x0000000097f00000, 0x0000000098000000|  0%| F|  |TAMS 0x0000000097f00000| PB 0x0000000097f00000| Untracked 
| 384|0x0000000098000000, 0x0000000098000000, 0x0000000098100000|  0%| F|  |TAMS 0x0000000098000000| PB 0x0000000098000000| Untracked 
| 385|0x0000000098100000, 0x0000000098100000, 0x0000000098200000|  0%| F|  |TAMS 0x0000000098100000| PB 0x0000000098100000| Untracked 
| 386|0x0000000098200000, 0x0000000098200000, 0x0000000098300000|  0%| F|  |TAMS 0x0000000098200000| PB 0x0000000098200000| Untracked 
| 387|0x0000000098300000, 0x0000000098300000, 0x0000000098400000|  0%| F|  |TAMS 0x0000000098300000| PB 0x0000000098300000| Untracked 
| 388|0x0000000098400000, 0x0000000098400000, 0x0000000098500000|  0%| F|  |TAMS 0x0000000098400000| PB 0x0000000098400000| Untracked 
| 389|0x0000000098500000, 0x0000000098500000, 0x0000000098600000|  0%| F|  |TAMS 0x0000000098500000| PB 0x0000000098500000| Untracked 
| 390|0x0000000098600000, 0x0000000098600000, 0x0000000098700000|  0%| F|  |TAMS 0x0000000098600000| PB 0x0000000098600000| Untracked 
| 391|0x0000000098700000, 0x0000000098700000, 0x0000000098800000|  0%| F|  |TAMS 0x0000000098700000| PB 0x0000000098700000| Untracked 
| 392|0x0000000098800000, 0x0000000098800000, 0x0000000098900000|  0%| F|  |TAMS 0x0000000098800000| PB 0x0000000098800000| Untracked 
| 393|0x0000000098900000, 0x0000000098900000, 0x0000000098a00000|  0%| F|  |TAMS 0x0000000098900000| PB 0x0000000098900000| Untracked 
| 394|0x0000000098a00000, 0x0000000098a00000, 0x0000000098b00000|  0%| F|  |TAMS 0x0000000098a00000| PB 0x0000000098a00000| Untracked 
| 395|0x0000000098b00000, 0x0000000098b00000, 0x0000000098c00000|  0%| F|  |TAMS 0x0000000098b00000| PB 0x0000000098b00000| Untracked 
| 396|0x0000000098c00000, 0x0000000098c00000, 0x0000000098d00000|  0%| F|  |TAMS 0x0000000098c00000| PB 0x0000000098c00000| Untracked 
| 397|0x0000000098d00000, 0x0000000098d00000, 0x0000000098e00000|  0%| F|  |TAMS 0x0000000098d00000| PB 0x0000000098d00000| Untracked 
| 398|0x0000000098e00000, 0x0000000098e42d18, 0x0000000098f00000| 26%| E|  |TAMS 0x0000000098e00000| PB 0x0000000098e00000| Complete 
| 399|0x0000000098f00000, 0x0000000099000000, 0x0000000099000000|100%| E|CS|TAMS 0x0000000098f00000| PB 0x0000000098f00000| Complete 
| 400|0x0000000099000000, 0x0000000099100000, 0x0000000099100000|100%| E|CS|TAMS 0x0000000099000000| PB 0x0000000099000000| Complete 
| 401|0x0000000099100000, 0x0000000099200000, 0x0000000099200000|100%| E|CS|TAMS 0x0000000099100000| PB 0x0000000099100000| Complete 
| 402|0x0000000099200000, 0x0000000099300000, 0x0000000099300000|100%| E|CS|TAMS 0x0000000099200000| PB 0x0000000099200000| Complete 
| 403|0x0000000099300000, 0x0000000099400000, 0x0000000099400000|100%| E|CS|TAMS 0x0000000099300000| PB 0x0000000099300000| Complete 
| 404|0x0000000099400000, 0x0000000099500000, 0x0000000099500000|100%| E|CS|TAMS 0x0000000099400000| PB 0x0000000099400000| Complete 
| 405|0x0000000099500000, 0x0000000099600000, 0x0000000099600000|100%| E|CS|TAMS 0x0000000099500000| PB 0x0000000099500000| Complete 
| 406|0x0000000099600000, 0x0000000099700000, 0x0000000099700000|100%| E|CS|TAMS 0x0000000099600000| PB 0x0000000099600000| Complete 
| 407|0x0000000099700000, 0x0000000099800000, 0x0000000099800000|100%| E|CS|TAMS 0x0000000099700000| PB 0x0000000099700000| Complete 
| 408|0x0000000099800000, 0x0000000099900000, 0x0000000099900000|100%| E|CS|TAMS 0x0000000099800000| PB 0x0000000099800000| Complete 
| 409|0x0000000099900000, 0x0000000099a00000, 0x0000000099a00000|100%| E|CS|TAMS 0x0000000099900000| PB 0x0000000099900000| Complete 
| 410|0x0000000099a00000, 0x0000000099b00000, 0x0000000099b00000|100%| E|CS|TAMS 0x0000000099a00000| PB 0x0000000099a00000| Complete 
| 411|0x0000000099b00000, 0x0000000099c00000, 0x0000000099c00000|100%| E|CS|TAMS 0x0000000099b00000| PB 0x0000000099b00000| Complete 
| 412|0x0000000099c00000, 0x0000000099d00000, 0x0000000099d00000|100%| E|CS|TAMS 0x0000000099c00000| PB 0x0000000099c00000| Complete 
| 413|0x0000000099d00000, 0x0000000099e00000, 0x0000000099e00000|100%| E|CS|TAMS 0x0000000099d00000| PB 0x0000000099d00000| Complete 
| 414|0x0000000099e00000, 0x0000000099f00000, 0x0000000099f00000|100%| E|CS|TAMS 0x0000000099e00000| PB 0x0000000099e00000| Complete 
| 415|0x0000000099f00000, 0x000000009a000000, 0x000000009a000000|100%| E|CS|TAMS 0x0000000099f00000| PB 0x0000000099f00000| Complete 
| 416|0x000000009a000000, 0x000000009a100000, 0x000000009a100000|100%| E|CS|TAMS 0x000000009a000000| PB 0x000000009a000000| Complete 
| 417|0x000000009a100000, 0x000000009a200000, 0x000000009a200000|100%| E|CS|TAMS 0x000000009a100000| PB 0x000000009a100000| Complete 
| 418|0x000000009a200000, 0x000000009a300000, 0x000000009a300000|100%| E|CS|TAMS 0x000000009a200000| PB 0x000000009a200000| Complete 
| 419|0x000000009a300000, 0x000000009a400000, 0x000000009a400000|100%| E|CS|TAMS 0x000000009a300000| PB 0x000000009a300000| Complete 
| 420|0x000000009a400000, 0x000000009a500000, 0x000000009a500000|100%| E|CS|TAMS 0x000000009a400000| PB 0x000000009a400000| Complete 
| 421|0x000000009a500000, 0x000000009a600000, 0x000000009a600000|100%| E|CS|TAMS 0x000000009a500000| PB 0x000000009a500000| Complete 
| 422|0x000000009a600000, 0x000000009a700000, 0x000000009a700000|100%| E|CS|TAMS 0x000000009a600000| PB 0x000000009a600000| Complete 
| 423|0x000000009a700000, 0x000000009a800000, 0x000000009a800000|100%| E|CS|TAMS 0x000000009a700000| PB 0x000000009a700000| Complete 
| 424|0x000000009a800000, 0x000000009a900000, 0x000000009a900000|100%| E|CS|TAMS 0x000000009a800000| PB 0x000000009a800000| Complete 
| 425|0x000000009a900000, 0x000000009a944b58, 0x000000009aa00000| 26%| S|CS|TAMS 0x000000009a900000| PB 0x000000009a900000| Complete 
| 426|0x000000009aa00000, 0x000000009ab00000, 0x000000009ab00000|100%| S|CS|TAMS 0x000000009aa00000| PB 0x000000009aa00000| Complete 
| 427|0x000000009ab00000, 0x000000009ac00000, 0x000000009ac00000|100%| S|CS|TAMS 0x000000009ab00000| PB 0x000000009ab00000| Complete 
| 428|0x000000009ac00000, 0x000000009ad00000, 0x000000009ad00000|100%| S|CS|TAMS 0x000000009ac00000| PB 0x000000009ac00000| Complete 
| 429|0x000000009ad00000, 0x000000009ae00000, 0x000000009ae00000|100%| S|CS|TAMS 0x000000009ad00000| PB 0x000000009ad00000| Complete 
| 430|0x000000009ae00000, 0x000000009af00000, 0x000000009af00000|100%| S|CS|TAMS 0x000000009ae00000| PB 0x000000009ae00000| Complete 
| 431|0x000000009af00000, 0x000000009b000000, 0x000000009b000000|100%| E|CS|TAMS 0x000000009af00000| PB 0x000000009af00000| Complete 
| 432|0x000000009b000000, 0x000000009b100000, 0x000000009b100000|100%| E|CS|TAMS 0x000000009b000000| PB 0x000000009b000000| Complete 
| 433|0x000000009b100000, 0x000000009b200000, 0x000000009b200000|100%| E|CS|TAMS 0x000000009b100000| PB 0x000000009b100000| Complete 
| 434|0x000000009b200000, 0x000000009b300000, 0x000000009b300000|100%| E|CS|TAMS 0x000000009b200000| PB 0x000000009b200000| Complete 
| 435|0x000000009b300000, 0x000000009b400000, 0x000000009b400000|100%| E|CS|TAMS 0x000000009b300000| PB 0x000000009b300000| Complete 
| 436|0x000000009b400000, 0x000000009b500000, 0x000000009b500000|100%| E|CS|TAMS 0x000000009b400000| PB 0x000000009b400000| Complete 
| 437|0x000000009b500000, 0x000000009b600000, 0x000000009b600000|100%| E|CS|TAMS 0x000000009b500000| PB 0x000000009b500000| Complete 
| 438|0x000000009b600000, 0x000000009b700000, 0x000000009b700000|100%| E|CS|TAMS 0x000000009b600000| PB 0x000000009b600000| Complete 
| 439|0x000000009b700000, 0x000000009b800000, 0x000000009b800000|100%| E|CS|TAMS 0x000000009b700000| PB 0x000000009b700000| Complete 
| 440|0x000000009b800000, 0x000000009b900000, 0x000000009b900000|100%| E|CS|TAMS 0x000000009b800000| PB 0x000000009b800000| Complete 
| 441|0x000000009b900000, 0x000000009ba00000, 0x000000009ba00000|100%| E|CS|TAMS 0x000000009b900000| PB 0x000000009b900000| Complete 
| 442|0x000000009ba00000, 0x000000009bb00000, 0x000000009bb00000|100%| E|CS|TAMS 0x000000009ba00000| PB 0x000000009ba00000| Complete 
| 443|0x000000009bb00000, 0x000000009bc00000, 0x000000009bc00000|100%| E|CS|TAMS 0x000000009bb00000| PB 0x000000009bb00000| Complete 
| 444|0x000000009bc00000, 0x000000009bd00000, 0x000000009bd00000|100%| E|CS|TAMS 0x000000009bc00000| PB 0x000000009bc00000| Complete 
| 445|0x000000009bd00000, 0x000000009be00000, 0x000000009be00000|100%| E|CS|TAMS 0x000000009bd00000| PB 0x000000009bd00000| Complete 
| 446|0x000000009be00000, 0x000000009bf00000, 0x000000009bf00000|100%| E|CS|TAMS 0x000000009be00000| PB 0x000000009be00000| Complete 
| 447|0x000000009bf00000, 0x000000009c000000, 0x000000009c000000|100%| E|CS|TAMS 0x000000009bf00000| PB 0x000000009bf00000| Complete 
| 448|0x000000009c000000, 0x000000009c100000, 0x000000009c100000|100%| E|CS|TAMS 0x000000009c000000| PB 0x000000009c000000| Complete 
| 449|0x000000009c100000, 0x000000009c200000, 0x000000009c200000|100%| E|CS|TAMS 0x000000009c100000| PB 0x000000009c100000| Complete 
| 450|0x000000009c200000, 0x000000009c300000, 0x000000009c300000|100%| E|CS|TAMS 0x000000009c200000| PB 0x000000009c200000| Complete 
| 451|0x000000009c300000, 0x000000009c400000, 0x000000009c400000|100%| E|CS|TAMS 0x000000009c300000| PB 0x000000009c300000| Complete 
| 452|0x000000009c400000, 0x000000009c500000, 0x000000009c500000|100%| E|CS|TAMS 0x000000009c400000| PB 0x000000009c400000| Complete 
| 453|0x000000009c500000, 0x000000009c600000, 0x000000009c600000|100%| E|CS|TAMS 0x000000009c500000| PB 0x000000009c500000| Complete 
| 454|0x000000009c600000, 0x000000009c700000, 0x000000009c700000|100%| E|CS|TAMS 0x000000009c600000| PB 0x000000009c600000| Complete 
| 455|0x000000009c700000, 0x000000009c800000, 0x000000009c800000|100%| E|CS|TAMS 0x000000009c700000| PB 0x000000009c700000| Complete 
| 456|0x000000009c800000, 0x000000009c900000, 0x000000009c900000|100%| E|CS|TAMS 0x000000009c800000| PB 0x000000009c800000| Complete 
| 457|0x000000009c900000, 0x000000009ca00000, 0x000000009ca00000|100%| E|CS|TAMS 0x000000009c900000| PB 0x000000009c900000| Complete 
| 458|0x000000009ca00000, 0x000000009cb00000, 0x000000009cb00000|100%| E|CS|TAMS 0x000000009ca00000| PB 0x000000009ca00000| Complete 
| 459|0x000000009cb00000, 0x000000009cc00000, 0x000000009cc00000|100%| E|CS|TAMS 0x000000009cb00000| PB 0x000000009cb00000| Complete 
| 460|0x000000009cc00000, 0x000000009cd00000, 0x000000009cd00000|100%| E|CS|TAMS 0x000000009cc00000| PB 0x000000009cc00000| Complete 
| 461|0x000000009cd00000, 0x000000009ce00000, 0x000000009ce00000|100%| E|CS|TAMS 0x000000009cd00000| PB 0x000000009cd00000| Complete 
| 462|0x000000009ce00000, 0x000000009cf00000, 0x000000009cf00000|100%| E|CS|TAMS 0x000000009ce00000| PB 0x000000009ce00000| Complete 
| 463|0x000000009cf00000, 0x000000009d000000, 0x000000009d000000|100%| E|CS|TAMS 0x000000009cf00000| PB 0x000000009cf00000| Complete 
| 464|0x000000009d000000, 0x000000009d100000, 0x000000009d100000|100%| E|CS|TAMS 0x000000009d000000| PB 0x000000009d000000| Complete 
| 465|0x000000009d100000, 0x000000009d200000, 0x000000009d200000|100%| E|CS|TAMS 0x000000009d100000| PB 0x000000009d100000| Complete 
| 466|0x000000009d200000, 0x000000009d300000, 0x000000009d300000|100%| E|CS|TAMS 0x000000009d200000| PB 0x000000009d200000| Complete 
| 467|0x000000009d300000, 0x000000009d400000, 0x000000009d400000|100%| E|CS|TAMS 0x000000009d300000| PB 0x000000009d300000| Complete 
| 468|0x000000009d400000, 0x000000009d500000, 0x000000009d500000|100%| E|CS|TAMS 0x000000009d400000| PB 0x000000009d400000| Complete 
| 469|0x000000009d500000, 0x000000009d600000, 0x000000009d600000|100%| E|CS|TAMS 0x000000009d500000| PB 0x000000009d500000| Complete 
| 470|0x000000009d600000, 0x000000009d700000, 0x000000009d700000|100%| E|CS|TAMS 0x000000009d600000| PB 0x000000009d600000| Complete 
| 471|0x000000009d700000, 0x000000009d800000, 0x000000009d800000|100%| E|CS|TAMS 0x000000009d700000| PB 0x000000009d700000| Complete 
| 472|0x000000009d800000, 0x000000009d900000, 0x000000009d900000|100%| E|CS|TAMS 0x000000009d800000| PB 0x000000009d800000| Complete 
|2017|0x00000000fe100000, 0x00000000fe200000, 0x00000000fe200000|100%| O|  |TAMS 0x00000000fe100000| PB 0x00000000fe100000| Untracked 
|2018|0x00000000fe200000, 0x00000000fe300000, 0x00000000fe300000|100%| O|Cm|TAMS 0x00000000fe200000| PB 0x00000000fe200000| Complete 
|2019|0x00000000fe300000, 0x00000000fe400000, 0x00000000fe400000|100%| O|  |TAMS 0x00000000fe300000| PB 0x00000000fe300000| Untracked 
|2020|0x00000000fe400000, 0x00000000fe500000, 0x00000000fe500000|100%| O|  |TAMS 0x00000000fe400000| PB 0x00000000fe400000| Untracked 
|2021|0x00000000fe500000, 0x00000000fe600000, 0x00000000fe600000|100%| O|  |TAMS 0x00000000fe500000| PB 0x00000000fe500000| Untracked 
|2022|0x00000000fe600000, 0x00000000fe700000, 0x00000000fe700000|100%| O|  |TAMS 0x00000000fe600000| PB 0x00000000fe600000| Untracked 
|2023|0x00000000fe700000, 0x00000000fe800000, 0x00000000fe800000|100%| O|  |TAMS 0x00000000fe700000| PB 0x00000000fe700000| Untracked 
|2024|0x00000000fe800000, 0x00000000fe900000, 0x00000000fe900000|100%| O|  |TAMS 0x00000000fe800000| PB 0x00000000fe800000| Untracked 
|2025|0x00000000fe900000, 0x00000000fea00000, 0x00000000fea00000|100%| O|  |TAMS 0x00000000fe900000| PB 0x00000000fe900000| Untracked 
|2026|0x00000000fea00000, 0x00000000feb00000, 0x00000000feb00000|100%| O|  |TAMS 0x00000000fea00000| PB 0x00000000fea00000| Untracked 
|2027|0x00000000feb00000, 0x00000000fec00000, 0x00000000fec00000|100%| O|  |TAMS 0x00000000feb00000| PB 0x00000000feb00000| Untracked 
|2028|0x00000000fec00000, 0x00000000fed00000, 0x00000000fed00000|100%| O|  |TAMS 0x00000000fec00000| PB 0x00000000fec00000| Untracked 
|2029|0x00000000fed00000, 0x00000000fee00000, 0x00000000fee00000|100%| O|  |TAMS 0x00000000fed00000| PB 0x00000000fed00000| Untracked 
|2030|0x00000000fee00000, 0x00000000fef00000, 0x00000000fef00000|100%| O|  |TAMS 0x00000000fee00000| PB 0x00000000fee00000| Untracked 
|2031|0x00000000fef00000, 0x00000000ff000000, 0x00000000ff000000|100%| E|CS|TAMS 0x00000000fef00000| PB 0x00000000fef00000| Complete 
|2032|0x00000000ff000000, 0x00000000ff100000, 0x00000000ff100000|100%| E|CS|TAMS 0x00000000ff000000| PB 0x00000000ff000000| Complete 
|2033|0x00000000ff100000, 0x00000000ff200000, 0x00000000ff200000|100%| E|CS|TAMS 0x00000000ff100000| PB 0x00000000ff100000| Complete 
|2034|0x00000000ff200000, 0x00000000ff300000, 0x00000000ff300000|100%| E|CS|TAMS 0x00000000ff200000| PB 0x00000000ff200000| Complete 
|2035|0x00000000ff300000, 0x00000000ff400000, 0x00000000ff400000|100%| E|CS|TAMS 0x00000000ff300000| PB 0x00000000ff300000| Complete 
|2036|0x00000000ff400000, 0x00000000ff500000, 0x00000000ff500000|100%| E|CS|TAMS 0x00000000ff400000| PB 0x00000000ff400000| Complete 
|2037|0x00000000ff500000, 0x00000000ff600000, 0x00000000ff600000|100%| E|CS|TAMS 0x00000000ff500000| PB 0x00000000ff500000| Complete 
|2038|0x00000000ff600000, 0x00000000ff700000, 0x00000000ff700000|100%| E|CS|TAMS 0x00000000ff600000| PB 0x00000000ff600000| Complete 
|2039|0x00000000ff700000, 0x00000000ff800000, 0x00000000ff800000|100%| E|CS|TAMS 0x00000000ff700000| PB 0x00000000ff700000| Complete 
|2040|0x00000000ff800000, 0x00000000ff900000, 0x00000000ff900000|100%| E|CS|TAMS 0x00000000ff800000| PB 0x00000000ff800000| Complete 
|2041|0x00000000ff900000, 0x00000000ffa00000, 0x00000000ffa00000|100%| E|CS|TAMS 0x00000000ff900000| PB 0x00000000ff900000| Complete 
|2042|0x00000000ffa00000, 0x00000000ffb00000, 0x00000000ffb00000|100%| O|  |TAMS 0x00000000ffa00000| PB 0x00000000ffa00000| Untracked 
|2043|0x00000000ffb00000, 0x00000000ffc00000, 0x00000000ffc00000|100%| E|CS|TAMS 0x00000000ffb00000| PB 0x00000000ffb00000| Complete 
|2044|0x00000000ffc00000, 0x00000000ffd00000, 0x00000000ffd00000|100%| O|  |TAMS 0x00000000ffc00000| PB 0x00000000ffc00000| Untracked 
|2045|0x00000000ffd00000, 0x00000000ffe00000, 0x00000000ffe00000|100%| O|  |TAMS 0x00000000ffd00000| PB 0x00000000ffd00000| Untracked 
|2046|0x00000000ffe00000, 0x00000000fff00000, 0x00000000fff00000|100%| E|CS|TAMS 0x00000000ffe00000| PB 0x00000000ffe00000| Complete 
|2047|0x00000000fff00000, 0x0000000100000000, 0x0000000100000000|100%| O|  |TAMS 0x00000000fff00000| PB 0x00000000fff00000| Untracked 

Card table byte_map: [0x00000287f3260000,0x00000287f3660000] _byte_map_base: 0x00000287f2e60000

Marking Bits: (CMBitMap*) 0x00000287db5fd420
 Bits: [0x00000287f3660000, 0x00000287f5660000)

Polling page: 0x00000287d81d0000

Metaspace:

Usage:
  Non-class:    208.57 MB used.
      Class:     28.14 MB used.
       Both:    236.71 MB used.

Virtual space:
  Non-class space:      256.00 MB reserved,     209.94 MB ( 82%) committed,  4 nodes.
      Class space:        1.00 GB reserved,      29.50 MB (  3%) committed,  1 nodes.
             Both:        1.25 GB reserved,     239.44 MB ( 19%) committed. 

Chunk freelists:
   Non-Class:  13.61 MB
       Class:  2.52 MB
        Both:  16.12 MB

MaxMetaspaceSize: unlimited
CompressedClassSpaceSize: 1.00 GB
Initial GC threshold: 21.00 MB
Current GC threshold: 397.19 MB
CDS: on
 - commit_granule_bytes: 65536.
 - commit_granule_words: 8192.
 - virtual_space_node_default_size: 8388608.
 - enlarge_chunks_in_place: 1.
 - use_allocation_guard: 0.


Internal statistics:

num_allocs_failed_limit: 6.
num_arena_births: 5008.
num_arena_deaths: 10.
num_vsnodes_births: 5.
num_vsnodes_deaths: 0.
num_space_committed: 3913.
num_space_uncommitted: 37.
num_chunks_returned_to_freelist: 303.
num_chunks_taken_from_freelist: 14857.
num_chunk_merges: 96.
num_chunk_splits: 10757.
num_chunks_enlarged: 8014.
num_inconsistent_stats: 0.

CodeHeap 'non-profiled nmethods': size=120000Kb used=21915Kb max_used=21915Kb free=98084Kb
 bounds [0x00000287eb4f0000, 0x00000287eca60000, 0x00000287f2a20000]
CodeHeap 'profiled nmethods': size=120000Kb used=90525Kb max_used=90525Kb free=29474Kb
 bounds [0x00000287e3a20000, 0x00000287e92b0000, 0x00000287eaf50000]
CodeHeap 'non-nmethods': size=5760Kb used=2653Kb max_used=2707Kb free=3106Kb
 bounds [0x00000287eaf50000, 0x00000287eb210000, 0x00000287eb4f0000]
 total_blobs=29585 nmethods=28343 adapters=1143
 compilation: enabled
              stopped_count=0, restarted_count=0
 full_count=0

Compilation events (20 events):
Event: 625.488 Thread 0x00000287f8248430 nmethod 42034 0x00000287eca56a90 code [0x00000287eca56c20, 0x00000287eca56cf8]
Event: 625.558 Thread 0x00000287f8248430 42035       4       org.jetbrains.kotlin.fir.scopes.impl.FirTypeIntersectionScopeContext::convertGroupedCallablesToIntersectionResults (1071 bytes)
Event: 625.629 Thread 0x00000287f8263190 42037       3       org.jetbrains.kotlin.fir.declarations.synthetic.FirSyntheticProperty::getSymbol (8 bytes)
Event: 625.630 Thread 0x00000287f8263190 nmethod 42037 0x00000287e78c7f10 code [0x00000287e78c80a0, 0x00000287e78c81c0]
Event: 625.707 Thread 0x00000287f8263190 42038       3       org.jetbrains.kotlin.fir.declarations.synthetic.FirSyntheticPropertyBuilderKt::buildSyntheticProperty (31 bytes)
Event: 625.709 Thread 0x00000287f8263190 nmethod 42038 0x00000287e92a0010 code [0x00000287e92a0260, 0x00000287e92a0a28]
Event: 625.709 Thread 0x00000287f8263190 42039       3       org.jetbrains.kotlin.fir.declarations.synthetic.FirSyntheticPropertyBuilder::<init> (5 bytes)
Event: 625.709 Thread 0x00000287f8263190 nmethod 42039 0x00000287e5474f10 code [0x00000287e54750c0, 0x00000287e5475228]
Event: 625.709 Thread 0x00000287f8263190 42040       3       org.jetbrains.kotlin.fir.declarations.synthetic.FirSyntheticPropertyBuilder::setModuleData (12 bytes)
Event: 625.711 Thread 0x00000287f8263190 nmethod 42040 0x00000287e92a0d10 code [0x00000287e92a0f40, 0x00000287e92a1550]
Event: 625.711 Thread 0x00000287f8263190 42041       3       org.jetbrains.kotlin.fir.declarations.synthetic.FirSyntheticPropertyBuilder::setName (12 bytes)
Event: 625.713 Thread 0x00000287f8263190 nmethod 42041 0x00000287e92a1790 code [0x00000287e92a19c0, 0x00000287e92a1fd0]
Event: 625.713 Thread 0x00000287f8263190 42042       3       org.jetbrains.kotlin.fir.symbols.impl.FirSyntheticPropertySymbol::<init> (23 bytes)
Event: 625.717 Thread 0x00000287f8263190 nmethod 42042 0x00000287e92a2210 code [0x00000287e92a2540, 0x00000287e92a36d8]
Event: 625.717 Thread 0x00000287f8263190 42043       3       org.jetbrains.kotlin.fir.declarations.synthetic.FirSyntheticPropertyBuilder::setSymbol (12 bytes)
Event: 625.718 Thread 0x00000287f8263190 nmethod 42043 0x00000287e92a3d10 code [0x00000287e92a3f40, 0x00000287e92a4550]
Event: 625.743 Thread 0x00000287f8263190 42044       3       org.jetbrains.kotlin.fir.analysis.checkers.declaration.FirOverrideChecker$check$2::invoke (12 bytes)
Event: 625.744 Thread 0x00000287f8263190 nmethod 42044 0x00000287e92a4790 code [0x00000287e92a4940, 0x00000287e92a4b78]
Event: 625.744 Thread 0x00000287f8263190 42045       3       org.jetbrains.kotlin.fir.analysis.checkers.declaration.FirOverrideChecker$check$2::invoke (35 bytes)
Event: 625.745 Thread 0x00000287f8263190 nmethod 42045 0x00000287e92a4c10 code [0x00000287e92a4e40, 0x00000287e92a5470]

GC Heap History (20 events):
Event: 454.640 GC heap before
{Heap before GC invocations=106 (full 0):
 garbage-first heap   total 417792K, used 389891K [0x0000000080000000, 0x0000000100000000)
  region size 1024K, 202 young (206848K), 6 survivors (6144K)
 Metaspace       used 184636K, committed 189376K, reserved 1245184K
  class space    used 22763K, committed 24640K, reserved 1048576K
}
Event: 454.715 GC heap after
{Heap after GC invocations=107 (full 0):
 garbage-first heap   total 417792K, used 181736K [0x0000000080000000, 0x0000000100000000)
  region size 1024K, 4 young (4096K), 4 survivors (4096K)
 Metaspace       used 184636K, committed 189376K, reserved 1245184K
  class space    used 22763K, committed 24640K, reserved 1048576K
}
Event: 458.366 GC heap before
{Heap before GC invocations=107 (full 0):
 garbage-first heap   total 417792K, used 391656K [0x0000000080000000, 0x0000000100000000)
  region size 1024K, 209 young (214016K), 4 survivors (4096K)
 Metaspace       used 184637K, committed 189376K, reserved 1245184K
  class space    used 22763K, committed 24640K, reserved 1048576K
}
Event: 458.398 GC heap after
{Heap after GC invocations=108 (full 0):
 garbage-first heap   total 417792K, used 182367K [0x0000000080000000, 0x0000000100000000)
  region size 1024K, 5 young (5120K), 5 survivors (5120K)
 Metaspace       used 184637K, committed 189376K, reserved 1245184K
  class space    used 22763K, committed 24640K, reserved 1048576K
}
Event: 461.236 GC heap before
{Heap before GC invocations=109 (full 0):
 garbage-first heap   total 417792K, used 390239K [0x0000000080000000, 0x0000000100000000)
  region size 1024K, 208 young (212992K), 5 survivors (5120K)
 Metaspace       used 184637K, committed 189376K, reserved 1245184K
  class space    used 22763K, committed 24640K, reserved 1048576K
}
Event: 461.249 GC heap after
{Heap after GC invocations=110 (full 0):
 garbage-first heap   total 417792K, used 180549K [0x0000000080000000, 0x0000000100000000)
  region size 1024K, 3 young (3072K), 3 survivors (3072K)
 Metaspace       used 184637K, committed 189376K, reserved 1245184K
  class space    used 22763K, committed 24640K, reserved 1048576K
}
Event: 489.418 GC heap before
{Heap before GC invocations=110 (full 0):
 garbage-first heap   total 417792K, used 393541K [0x0000000080000000, 0x0000000100000000)
  region size 1024K, 210 young (215040K), 3 survivors (3072K)
 Metaspace       used 206374K, committed 209152K, reserved 1245184K
  class space    used 25226K, committed 26624K, reserved 1048576K
}
Event: 489.639 GC heap after
{Heap after GC invocations=111 (full 0):
 garbage-first heap   total 419840K, used 195485K [0x0000000080000000, 0x0000000100000000)
  region size 1024K, 22 young (22528K), 22 survivors (22528K)
 Metaspace       used 206374K, committed 209152K, reserved 1245184K
  class space    used 25226K, committed 26624K, reserved 1048576K
}
Event: 507.281 GC heap before
{Heap before GC invocations=111 (full 0):
 garbage-first heap   total 419840K, used 354205K [0x0000000080000000, 0x0000000100000000)
  region size 1024K, 179 young (183296K), 22 survivors (22528K)
 Metaspace       used 226629K, committed 229376K, reserved 1310720K
  class space    used 27597K, committed 28992K, reserved 1048576K
}
Event: 507.516 GC heap after
{Heap after GC invocations=112 (full 0):
 garbage-first heap   total 419840K, used 219768K [0x0000000080000000, 0x0000000100000000)
  region size 1024K, 24 young (24576K), 24 survivors (24576K)
 Metaspace       used 226629K, committed 229376K, reserved 1310720K
  class space    used 27597K, committed 28992K, reserved 1048576K
}
Event: 532.428 GC heap before
{Heap before GC invocations=113 (full 0):
 garbage-first heap   total 419840K, used 373368K [0x0000000080000000, 0x0000000100000000)
  region size 1024K, 174 young (178176K), 24 survivors (24576K)
 Metaspace       used 233798K, committed 236544K, reserved 1310720K
  class space    used 28285K, committed 29696K, reserved 1048576K
}
Event: 532.752 GC heap after
{Heap after GC invocations=114 (full 0):
 garbage-first heap   total 434176K, used 255789K [0x0000000080000000, 0x0000000100000000)
  region size 1024K, 22 young (22528K), 22 survivors (22528K)
 Metaspace       used 233798K, committed 236544K, reserved 1310720K
  class space    used 28285K, committed 29696K, reserved 1048576K
}
Event: 545.058 GC heap before
{Heap before GC invocations=114 (full 0):
 garbage-first heap   total 434176K, used 315181K [0x0000000080000000, 0x0000000100000000)
  region size 1024K, 81 young (82944K), 22 survivors (22528K)
 Metaspace       used 235694K, committed 238464K, reserved 1310720K
  class space    used 28413K, committed 29824K, reserved 1048576K
}
Event: 545.178 GC heap after
{Heap after GC invocations=115 (full 0):
 garbage-first heap   total 434176K, used 268288K [0x0000000080000000, 0x0000000100000000)
  region size 1024K, 11 young (11264K), 11 survivors (11264K)
 Metaspace       used 235694K, committed 238464K, reserved 1310720K
  class space    used 28413K, committed 29824K, reserved 1048576K
}
Event: 576.215 GC heap before
{Heap before GC invocations=116 (full 0):
 garbage-first heap   total 449536K, used 385024K [0x0000000080000000, 0x0000000100000000)
  region size 1024K, 125 young (128000K), 11 survivors (11264K)
 Metaspace       used 236901K, committed 239616K, reserved 1310720K
  class space    used 28457K, committed 29824K, reserved 1048576K
}
Event: 576.386 GC heap after
{Heap after GC invocations=117 (full 0):
 garbage-first heap   total 516096K, used 282737K [0x0000000080000000, 0x0000000100000000)
  region size 1024K, 14 young (14336K), 14 survivors (14336K)
 Metaspace       used 236901K, committed 239616K, reserved 1310720K
  class space    used 28457K, committed 29824K, reserved 1048576K
}
Event: 590.920 GC heap before
{Heap before GC invocations=117 (full 0):
 garbage-first heap   total 516096K, used 387185K [0x0000000080000000, 0x0000000100000000)
  region size 1024K, 116 young (118784K), 14 survivors (14336K)
 Metaspace       used 237466K, committed 240256K, reserved 1310720K
  class space    used 28474K, committed 29888K, reserved 1048576K
}
Event: 591.059 GC heap after
{Heap after GC invocations=118 (full 0):
 garbage-first heap   total 516096K, used 294020K [0x0000000080000000, 0x0000000100000000)
  region size 1024K, 12 young (12288K), 12 survivors (12288K)
 Metaspace       used 237466K, committed 240256K, reserved 1310720K
  class space    used 28474K, committed 29888K, reserved 1048576K
}
Event: 603.339 GC heap before
{Heap before GC invocations=118 (full 0):
 garbage-first heap   total 516096K, used 348292K [0x0000000080000000, 0x0000000100000000)
  region size 1024K, 67 young (68608K), 12 survivors (12288K)
 Metaspace       used 241226K, committed 243968K, reserved 1310720K
  class space    used 28764K, committed 30144K, reserved 1048576K
}
Event: 603.452 GC heap after
{Heap after GC invocations=119 (full 0):
 garbage-first heap   total 516096K, used 299942K [0x0000000080000000, 0x0000000100000000)
  region size 1024K, 6 young (6144K), 6 survivors (6144K)
 Metaspace       used 241226K, committed 243968K, reserved 1310720K
  class space    used 28764K, committed 30144K, reserved 1048576K
}

Dll operation events (18 events):
Event: 0.038 Loaded shared library C:\Program Files\Java\jdk-21_windows-x64_bin\jdk-21.0.8\bin\java.dll
Event: 0.240 Loaded shared library C:\Program Files\Java\jdk-21_windows-x64_bin\jdk-21.0.8\bin\jsvml.dll
Event: 0.674 Loaded shared library C:\Program Files\Java\jdk-21_windows-x64_bin\jdk-21.0.8\bin\zip.dll
Event: 0.698 Loaded shared library C:\Program Files\Java\jdk-21_windows-x64_bin\jdk-21.0.8\bin\instrument.dll
Event: 0.722 Loaded shared library C:\Program Files\Java\jdk-21_windows-x64_bin\jdk-21.0.8\bin\net.dll
Event: 0.728 Loaded shared library C:\Program Files\Java\jdk-21_windows-x64_bin\jdk-21.0.8\bin\nio.dll
Event: 0.744 Loaded shared library C:\Program Files\Java\jdk-21_windows-x64_bin\jdk-21.0.8\bin\zip.dll
Event: 1.933 Loaded shared library C:\Program Files\Java\jdk-21_windows-x64_bin\jdk-21.0.8\bin\jimage.dll
Event: 3.532 Loaded shared library C:\Program Files\Java\jdk-21_windows-x64_bin\jdk-21.0.8\bin\verify.dll
Event: 3.755 Loaded shared library C:\Users\akard\AppData\Local\Temp\cursor-sandbox-cache\4d8f5d68a57ee206e983859445c75c6b\gradle\native\660c5614fbf4a5f2a75b1949f50a0caf5cd603558e7d8a26e50b933a0cfb79d1\windows-amd64\native-platform.dll
Event: 3.852 Loaded shared library C:\Users\akard\AppData\Local\Temp\cursor-sandbox-cache\4d8f5d68a57ee206e983859445c75c6b\gradle\native\0.2.8\x86_64-windows-gnu\gradle-fileevents.dll
Event: 11.403 Loaded shared library C:\Program Files\Java\jdk-21_windows-x64_bin\jdk-21.0.8\bin\management.dll
Event: 11.413 Loaded shared library C:\Program Files\Java\jdk-21_windows-x64_bin\jdk-21.0.8\bin\management_ext.dll
Event: 12.468 Loaded shared library C:\Program Files\Java\jdk-21_windows-x64_bin\jdk-21.0.8\bin\extnet.dll
Event: 14.047 Loaded shared library C:\Program Files\Java\jdk-21_windows-x64_bin\jdk-21.0.8\bin\sunmscapi.dll
Event: 329.556 Loaded shared library C:\Program Files\Java\jdk-21_windows-x64_bin\jdk-21.0.8\bin\awt.dll
Event: 376.680 Loaded shared library C:\Users\akard\AppData\Local\Temp\sqlite-3.41.2.2-20c8c7d9-8005-486f-aa1d-9bd0283af728-sqlitejdbc.dll
Event: 434.286 Unloaded dll "C:\Users\akard\AppData\Local\Temp\sqlite-3.41.2.2-20c8c7d9-8005-486f-aa1d-9bd0283af728-sqlitejdbc.dll" [0x00007ffa30460000]

Deoptimization events (20 events):
Event: 625.018 Thread 0x0000028812f9e380 Uncommon trap: trap_request=0xffffff66 fr.pc=0x00000287eca36c54 relative=0x0000000000000654
Event: 625.018 Thread 0x0000028812f9e380 Uncommon trap: reason=speculate_class_check action=maybe_recompile pc=0x00000287eca36c54 method=org.jetbrains.kotlin.fir.declarations.FirDeclarationDataRegistry$DeclarationDataAccessor.setValue(Lorg/jetbrains/kotlin/fir/declarations/FirDeclaration;Lkotlin
Event: 625.018 Thread 0x0000028812f9e380 DEOPT PACKING pc=0x00000287eca36c54 sp=0x000000ff309fa880
Event: 625.018 Thread 0x0000028812f9e380 DEOPT UNPACKING pc=0x00000287eafa46a2 sp=0x000000ff309fa7d8 mode 2
Event: 625.092 Thread 0x0000028812f9e380 DEOPT PACKING pc=0x00000287e7f6ade4 sp=0x000000ff309fa6d0
Event: 625.092 Thread 0x0000028812f9e380 DEOPT UNPACKING pc=0x00000287eafa4e42 sp=0x000000ff309f9b38 mode 0
Event: 625.127 Thread 0x0000028812f9e380 Uncommon trap: trap_request=0xffffff66 fr.pc=0x00000287eca36c54 relative=0x0000000000000654
Event: 625.127 Thread 0x0000028812f9e380 Uncommon trap: reason=speculate_class_check action=maybe_recompile pc=0x00000287eca36c54 method=org.jetbrains.kotlin.fir.declarations.FirDeclarationDataRegistry$DeclarationDataAccessor.setValue(Lorg/jetbrains/kotlin/fir/declarations/FirDeclaration;Lkotlin
Event: 625.127 Thread 0x0000028812f9e380 DEOPT PACKING pc=0x00000287eca36c54 sp=0x000000ff309fa880
Event: 625.127 Thread 0x0000028812f9e380 DEOPT UNPACKING pc=0x00000287eafa46a2 sp=0x000000ff309fa7d8 mode 2
Event: 625.128 Thread 0x0000028812f9e380 Uncommon trap: trap_request=0xffffff66 fr.pc=0x00000287eca36c54 relative=0x0000000000000654
Event: 625.128 Thread 0x0000028812f9e380 Uncommon trap: reason=speculate_class_check action=maybe_recompile pc=0x00000287eca36c54 method=org.jetbrains.kotlin.fir.declarations.FirDeclarationDataRegistry$DeclarationDataAccessor.setValue(Lorg/jetbrains/kotlin/fir/declarations/FirDeclaration;Lkotlin
Event: 625.128 Thread 0x0000028812f9e380 DEOPT PACKING pc=0x00000287eca36c54 sp=0x000000ff309fa880
Event: 625.128 Thread 0x0000028812f9e380 DEOPT UNPACKING pc=0x00000287eafa46a2 sp=0x000000ff309fa7d8 mode 2
Event: 625.131 Thread 0x0000028812f9e380 Uncommon trap: trap_request=0xffffff66 fr.pc=0x00000287eca36c54 relative=0x0000000000000654
Event: 625.131 Thread 0x0000028812f9e380 Uncommon trap: reason=speculate_class_check action=maybe_recompile pc=0x00000287eca36c54 method=org.jetbrains.kotlin.fir.declarations.FirDeclarationDataRegistry$DeclarationDataAccessor.setValue(Lorg/jetbrains/kotlin/fir/declarations/FirDeclaration;Lkotlin
Event: 625.131 Thread 0x0000028812f9e380 DEOPT PACKING pc=0x00000287eca36c54 sp=0x000000ff309fa880
Event: 625.131 Thread 0x0000028812f9e380 DEOPT UNPACKING pc=0x00000287eafa46a2 sp=0x000000ff309fa7d8 mode 2
Event: 625.383 Thread 0x0000028812f9e380 DEOPT PACKING pc=0x00000287e7f6ade4 sp=0x000000ff309f9950
Event: 625.383 Thread 0x0000028812f9e380 DEOPT UNPACKING pc=0x00000287eafa4e42 sp=0x000000ff309f8db8 mode 0

Classes loaded (20 events):
Event: 394.169 Loading class sun/nio/fs/AbstractAclFileAttributeView done
Event: 394.169 Loading class sun/nio/fs/WindowsAclFileAttributeView done
Event: 394.379 Loading class java/util/WeakHashMap$KeyIterator
Event: 394.381 Loading class java/util/WeakHashMap$HashIterator
Event: 394.382 Loading class java/util/WeakHashMap$HashIterator done
Event: 394.382 Loading class java/util/WeakHashMap$KeyIterator done
Event: 416.339 Loading class java/rmi/RemoteException
Event: 416.342 Loading class java/rmi/RemoteException done
Event: 475.221 Loading class java/nio/file/TempFileHelper
Event: 475.227 Loading class java/nio/file/TempFileHelper done
Event: 476.413 Loading class java/util/concurrent/Executors$AutoShutdownDelegatedExecutorService
Event: 476.416 Loading class java/util/concurrent/Executors$AutoShutdownDelegatedExecutorService done
Event: 504.724 Loading class java/text/StringCharacterIterator
Event: 504.725 Loading class java/text/CharacterIterator
Event: 504.726 Loading class java/text/CharacterIterator done
Event: 504.726 Loading class java/text/StringCharacterIterator done
Event: 597.031 Loading class java/text/MessageFormat
Event: 597.040 Loading class java/text/MessageFormat done
Event: 597.320 Loading class java/text/ChoiceFormat
Event: 597.323 Loading class java/text/ChoiceFormat done

Classes unloaded (20 events):
Event: 432.381 Thread 0x00000287d25f0e40 Unloading class 0x00000287824fa420 'androidx/room/compiler/processing/XProcessingEnv$Platform'
Event: 432.381 Thread 0x00000287d25f0e40 Unloading class 0x00000287824fa1e8 'androidx/room/compiler/processing/ksp/KspProcessingEnv$jvmPlatformInfo$2'
Event: 432.381 Thread 0x00000287d25f0e40 Unloading class 0x00000287824f9c60 'androidx/room/compiler/processing/XProcessingEnv$Backend'
Event: 432.381 Thread 0x00000287d25f0e40 Unloading class 0x00000287824f9a68 'androidx/room/compiler/processing/XProcessingEnv$Companion'
Event: 432.382 Thread 0x00000287d25f0e40 Unloading class 0x00000287824f96e0 'androidx/room/compiler/processing/ksp/KspProcessingEnv'
Event: 432.382 Thread 0x00000287d25f0e40 Unloading class 0x00000287824f94f0 'androidx/room/compiler/processing/XProcessingEnv'
Event: 432.382 Thread 0x00000287d25f0e40 Unloading class 0x00000287824f92b8 'androidx/room/compiler/processing/ksp/KspBasicAnnotationProcessor$DelegateLogger'
Event: 432.382 Thread 0x00000287d25f0e40 Unloading class 0x00000287824f8e90 'androidx/room/processor/Context$BooleanProcessorOptions'
Event: 432.382 Thread 0x00000287d25f0e40 Unloading class 0x00000287824f8c90 'androidx/room/compiler/processing/XProcessingEnvConfig$Builder'
Event: 432.382 Thread 0x00000287d25f0e40 Unloading class 0x00000287824f8a98 'androidx/room/compiler/processing/XProcessingEnvConfig$Companion'
Event: 432.382 Thread 0x00000287d25f0e40 Unloading class 0x00000287824f88a0 'androidx/room/compiler/processing/XProcessingEnvConfig'
Event: 432.382 Thread 0x00000287d25f0e40 Unloading class 0x00000287824f86a8 'androidx/room/DatabaseProcessingStep$Companion'
Event: 432.382 Thread 0x00000287d25f0e40 Unloading class 0x00000287824f8470 'androidx/room/DatabaseProcessingStep'
Event: 432.382 Thread 0x00000287d25f0e40 Unloading class 0x00000287824f8280 'androidx/room/compiler/processing/XProcessingStep'
Event: 432.382 Thread 0x00000287d25f0e40 Unloading class 0x00000287824f8000 'androidx/room/RoomKspProcessor'
Event: 432.382 Thread 0x00000287d25f0e40 Unloading class 0x00000287820c1400 'androidx/room/compiler/processing/ksp/KspBasicAnnotationProcessor'
Event: 432.382 Thread 0x00000287d25f0e40 Unloading class 0x00000287820c1210 'androidx/room/compiler/processing/XBasicAnnotationProcessor'
Event: 432.382 Thread 0x00000287d25f0e40 Unloading class 0x00000287820c1000 'androidx/room/RoomKspProcessor$Provider'
Event: 546.960 Thread 0x00000287d25f0e40 Unloading class 0x0000028782838800 'java/lang/invoke/LambdaForm$DMH+0x0000028782838800'
Event: 546.960 Thread 0x00000287d25f0e40 Unloading class 0x0000028782838000 'java/lang/invoke/LambdaForm$DMH+0x0000028782838000'

Classes redefined (0 events):
No events

Internal exceptions (20 events):
Event: 534.872 Thread 0x0000028812f9e380 Exception <a 'java/lang/NoSuchMethodError'{0x00000000ff53bb38}: 'java.lang.Object java.lang.invoke.Invokers$Holder.linkToTargetMethod(java.lang.Object, java.lang.Object, java.lang.Object, java.lang.Object, int, java.lang.Object)'> (0x00000000ff53bb38) 
thrown [s\open\src\hotspot\share\interpreter\linkResolver.cpp, line 773]
Event: 541.184 Thread 0x0000028812f9e380 Exception <a 'java/lang/NoSuchMethodError'{0x0000000096fc13e8}: 'java.lang.Object java.lang.invoke.DirectMethodHandle$Holder.invokeStatic(java.lang.Object, int, java.lang.Object, java.lang.Object, java.lang.Object, java.lang.Object, java.lang.Object)'> (0x0000000096fc13e8) 
thrown [s\open\src\hotspot\share\interpreter\linkResolver.cpp, line 773]
Event: 541.188 Thread 0x0000028812f9e380 Exception <a 'java/lang/NoSuchMethodError'{0x0000000096fc9ec8}: 'java.lang.Object java.lang.invoke.DirectMethodHandle$Holder.newInvokeSpecial(java.lang.Object, int, java.lang.Object, java.lang.Object, java.lang.Object)'> (0x0000000096fc9ec8) 
thrown [s\open\src\hotspot\share\interpreter\linkResolver.cpp, line 773]
Event: 541.191 Thread 0x0000028812f9e380 Exception <a 'java/lang/NoSuchMethodError'{0x0000000096fce318}: 'java.lang.Object java.lang.invoke.DirectMethodHandle$Holder.invokeSpecial(java.lang.Object, java.lang.Object, int, java.lang.Object, java.lang.Object, java.lang.Object)'> (0x0000000096fce318) 
thrown [s\open\src\hotspot\share\interpreter\linkResolver.cpp, line 773]
Event: 541.192 Thread 0x0000028812f9e380 Exception <a 'java/lang/NoSuchMethodError'{0x0000000096fd2028}: 'java.lang.Object java.lang.invoke.Invokers$Holder.linkToTargetMethod(int, java.lang.Object, java.lang.Object, java.lang.Object, java.lang.Object)'> (0x0000000096fd2028) 
thrown [s\open\src\hotspot\share\interpreter\linkResolver.cpp, line 773]
Event: 567.577 Thread 0x0000028812f9e380 Implicit null exception at 0x00000287eb664bc2 to 0x00000287eb665450
Event: 589.018 Thread 0x0000028812f9e380 Implicit null exception at 0x00000287ec8676b4 to 0x00000287ec86aec4
Event: 589.064 Thread 0x0000028812f9e380 Implicit null exception at 0x00000287ec6fe994 to 0x00000287ec6ff210
Event: 590.612 Thread 0x0000028812f9e380 Implicit null exception at 0x00000287ec6d2b68 to 0x00000287ec6d2d78
Event: 597.617 Thread 0x0000028812f9e380 Exception <a 'java/lang/NoSuchMethodError'{0x000000009bda8fc0}: 'java.lang.Object java.lang.invoke.DirectMethodHandle$Holder.invokeStatic(java.lang.Object, int, int, java.lang.Object)'> (0x000000009bda8fc0) 
thrown [s\open\src\hotspot\share\interpreter\linkResolver.cpp, line 773]
Event: 597.623 Thread 0x0000028812f9e380 Exception <a 'java/lang/NoSuchMethodError'{0x000000009bdac860}: 'java.lang.Object java.lang.invoke.DirectMethodHandle$Holder.invokeStaticInit(java.lang.Object, int, int, java.lang.Object)'> (0x000000009bdac860) 
thrown [s\open\src\hotspot\share\interpreter\linkResolver.cpp, line 773]
Event: 597.758 Thread 0x0000028812f9e380 Exception <a 'java/lang/NoSuchMethodError'{0x000000009bc9e8d8}: 'java.lang.Object java.lang.invoke.DirectMethodHandle$Holder.invokeStatic(java.lang.Object, java.lang.Object, java.lang.Object, java.lang.Object, java.lang.Object, int)'> (0x000000009bc9e8d8) 
thrown [s\open\src\hotspot\share\interpreter\linkResolver.cpp, line 773]
Event: 598.240 Thread 0x0000028812f9e380 Implicit null exception at 0x00000287ec26cd63 to 0x00000287ec26cf20
Event: 600.896 Thread 0x0000028812f9e380 Implicit null exception at 0x00000287ec907087 to 0x00000287ec9070ab
Event: 613.567 Thread 0x0000028812f9e380 Implicit null exception at 0x00000287ebeab0cb to 0x00000287ebeaef40
Event: 620.729 Thread 0x0000028812f9e380 Implicit null exception at 0x00000287ec97bf4c to 0x00000287ec97dd54
Event: 622.723 Thread 0x0000028812f9e380 Exception <a 'java/lang/NoSuchMethodError'{0x000000009a1a9110}: 'java.lang.Object java.lang.invoke.DirectMethodHandle$Holder.invokeStatic(java.lang.Object, java.lang.Object, int, java.lang.Object, java.lang.Object, java.lang.Object, java.lang.Object, java.lang.Object)'> (0x000000009a1a9110) 
thrown [s\open\src\hotspot\share\interpreter\linkResolver.cpp, line 773]
Event: 622.756 Thread 0x0000028812f9e380 Exception <a 'java/lang/NoSuchMethodError'{0x000000009a1b1dd0}: 'java.lang.Object java.lang.invoke.DirectMethodHandle$Holder.newInvokeSpecial(java.lang.Object, java.lang.Object, int, java.lang.Object, java.lang.Object, java.lang.Object)'> (0x000000009a1b1dd0) 
thrown [s\open\src\hotspot\share\interpreter\linkResolver.cpp, line 773]
Event: 622.764 Thread 0x0000028812f9e380 Exception <a 'java/lang/NoSuchMethodError'{0x000000009a1b5b50}: 'java.lang.Object java.lang.invoke.DirectMethodHandle$Holder.invokeSpecial(java.lang.Object, java.lang.Object, java.lang.Object, int, java.lang.Object, java.lang.Object, java.lang.Object)'> (0x000000009a1b5b50) 
thrown [s\open\src\hotspot\share\interpreter\linkResolver.cpp, line 773]
Event: 622.768 Thread 0x0000028812f9e380 Exception <a 'java/lang/NoSuchMethodError'{0x000000009a1b9140}: 'java.lang.Object java.lang.invoke.Invokers$Holder.linkToTargetMethod(java.lang.Object, int, java.lang.Object, java.lang.Object, java.lang.Object, java.lang.Object)'> (0x000000009a1b9140) 
thrown [s\open\src\hotspot\share\interpreter\linkResolver.cpp, line 773]

ZGC Phase Switch (0 events):
No events

VM Operations (20 events):
Event: 618.933 Executing VM operation: Cleanup
Event: 618.935 Executing VM operation: Cleanup done
Event: 619.948 Executing VM operation: Cleanup
Event: 619.950 Executing VM operation: Cleanup done
Event: 620.965 Executing VM operation: Cleanup
Event: 620.966 Executing VM operation: Cleanup done
Event: 621.966 Executing VM operation: Cleanup
Event: 621.967 Executing VM operation: Cleanup done
Event: 622.969 Executing VM operation: Cleanup
Event: 622.970 Executing VM operation: Cleanup done
Event: 623.003 Executing VM operation: HandshakeAllThreads (Deoptimize)
Event: 623.003 Executing VM operation: HandshakeAllThreads (Deoptimize) done
Event: 623.015 Executing VM operation: HandshakeAllThreads (Deoptimize)
Event: 623.016 Executing VM operation: HandshakeAllThreads (Deoptimize) done
Event: 624.020 Executing VM operation: Cleanup
Event: 624.021 Executing VM operation: Cleanup done
Event: 625.025 Executing VM operation: Cleanup
Event: 625.025 Executing VM operation: Cleanup done
Event: 625.532 Executing VM operation: HandshakeAllThreads (Deoptimize)
Event: 625.532 Executing VM operation: HandshakeAllThreads (Deoptimize) done

Events (20 events):
Event: 606.148 Thread 0x00000287d25f0e40 flushing nmethod 0x00000287e7896490
Event: 606.148 Thread 0x00000287d25f0e40 flushing nmethod 0x00000287e7897410
Event: 606.148 Thread 0x00000287d25f0e40 flushing nmethod 0x00000287e789b590
Event: 606.148 Thread 0x00000287d25f0e40 flushing nmethod 0x00000287e78e6110
Event: 606.148 Thread 0x00000287d25f0e40 flushing nmethod 0x00000287e78e6f10
Event: 606.148 Thread 0x00000287d25f0e40 flushing nmethod 0x00000287e78e9990
Event: 606.148 Thread 0x00000287d25f0e40 flushing nmethod 0x00000287e78f1010
Event: 606.148 Thread 0x00000287d25f0e40 flushing nmethod 0x00000287e78f4410
Event: 606.148 Thread 0x00000287d25f0e40 flushing nmethod 0x00000287e793ca90
Event: 606.148 Thread 0x00000287d25f0e40 flushing nmethod 0x00000287e793d290
Event: 606.148 Thread 0x00000287d25f0e40 flushing nmethod 0x00000287e7942510
Event: 606.148 Thread 0x00000287d25f0e40 flushing nmethod 0x00000287e79b8410
Event: 606.148 Thread 0x00000287d25f0e40 flushing nmethod 0x00000287e79b8f10
Event: 606.148 Thread 0x00000287d25f0e40 flushing nmethod 0x00000287e79b9a10
Event: 606.148 Thread 0x00000287d25f0e40 flushing nmethod 0x00000287e79ba890
Event: 606.148 Thread 0x00000287d25f0e40 flushing nmethod 0x00000287e7b02010
Event: 606.148 Thread 0x00000287d25f0e40 flushing nmethod 0x00000287e7b11210
Event: 606.148 Thread 0x00000287d25f0e40 flushing nmethod 0x00000287e7ba2310
Event: 606.148 Thread 0x00000287d25f0e40 flushing nmethod 0x00000287e7d22910
Event: 624.830 Thread 0x000002880c3b5f50 Thread added: 0x000002880c3b5f50


Dynamic libraries:
0x00007ff64e7e0000 - 0x00007ff64e7f0000 	C:\Program Files\Java\jdk-21_windows-x64_bin\jdk-21.0.8\bin\java.exe
0x00007ffa5af10000 - 0x00007ffa5b347000 	C:\WINDOWS\SYSTEM32\ntdll.dll
0x00007ffa5a650000 - 0x00007ffa5a820000 	C:\WINDOWS\System32\xtajit64se.dll
0x00007ffa5a830000 - 0x00007ffa5a99a000 	C:\WINDOWS\System32\KERNEL32.DLL
0x00007ffa56360000 - 0x00007ffa56a40000 	C:\WINDOWS\System32\KERNELBASE.dll
0x00007ffa55d70000 - 0x00007ffa55e76000 	C:\WINDOWS\SYSTEM32\apphelp.dll
0x00007ffa56e00000 - 0x00007ffa57029000 	C:\WINDOWS\System32\ucrtbase.dll
0x00007ffa36d20000 - 0x00007ffa36d3b000 	C:\Program Files\Java\jdk-21_windows-x64_bin\jdk-21.0.8\bin\VCRUNTIME140.dll
0x00007ffa1f7a0000 - 0x00007ffa1f7b9000 	C:\Program Files\Java\jdk-21_windows-x64_bin\jdk-21.0.8\bin\jli.dll
0x00007ffa586b0000 - 0x00007ffa587fd000 	C:\WINDOWS\System32\ADVAPI32.dll
0x00007ffa58b30000 - 0x00007ffa58c78000 	C:\WINDOWS\System32\msvcrt.dll
0x00007ffa57220000 - 0x00007ffa57344000 	C:\WINDOWS\System32\sechost.dll
0x00007ffa5ac00000 - 0x00007ffa5ae03000 	C:\WINDOWS\System32\RPCRT4.dll
0x00007ffa58130000 - 0x00007ffa583bb000 	C:\WINDOWS\System32\USER32.dll
0x00007ffa3a470000 - 0x00007ffa3a8da000 	C:\WINDOWS\WinSxS\arm64_microsoft.windows.common-controls_6595b64144ccf1df_6.0.26100.9278_none_3e0d1b06e3303345\COMCTL32.dll
0x00007ffa56a50000 - 0x00007ffa56ab1000 	C:\WINDOWS\System32\win32u.dll
0x00007ffa57e50000 - 0x00007ffa57eb5000 	C:\WINDOWS\System32\GDI32.dll
0x00007ffa45140000 - 0x00007ffa45156000 	C:\WINDOWS\SYSTEM32\VERSION.dll
0x00007ffa56ac0000 - 0x00007ffa56ca3000 	C:\WINDOWS\System32\gdi32full.dll
0x00007ffa56200000 - 0x00007ffa56359000 	C:\WINDOWS\System32\msvcp_win.dll
0x00007ffa57350000 - 0x00007ffa573a7000 	C:\WINDOWS\System32\IMM32.DLL
0x00007ffa4db90000 - 0x00007ffa4db9c000 	C:\Program Files\Java\jdk-21_windows-x64_bin\jdk-21.0.8\bin\vcruntime140_1.dll
0x00007ffa02810000 - 0x00007ffa0289e000 	C:\Program Files\Java\jdk-21_windows-x64_bin\jdk-21.0.8\bin\msvcp140.dll
0x00007ff9ab270000 - 0x00007ff9abf8d000 	C:\Program Files\Java\jdk-21_windows-x64_bin\jdk-21.0.8\bin\server\jvm.dll
0x00007ffa58050000 - 0x00007ffa58126000 	C:\WINDOWS\System32\WS2_32.dll
0x00007ffa3a400000 - 0x00007ffa3a463000 	C:\WINDOWS\SYSTEM32\WINMM.dll
0x00007ffa55fb0000 - 0x00007ffa5602c000 	C:\WINDOWS\SYSTEM32\POWRPROF.dll
0x00007ffa55f80000 - 0x00007ffa55fa7000 	C:\WINDOWS\SYSTEM32\UMPDC.dll
0x00007ffa53f70000 - 0x00007ffa53fa1000 	C:\WINDOWS\SYSTEM32\kernel.appcore.dll
0x00007ffa4d9e0000 - 0x00007ffa4d9ea000 	C:\Program Files\Java\jdk-21_windows-x64_bin\jdk-21.0.8\bin\jimage.dll
0x00007ffa434a0000 - 0x00007ffa438db000 	C:\WINDOWS\SYSTEM32\DBGHELP.DLL
0x00007ffa58c80000 - 0x00007ffa59336000 	C:\WINDOWS\System32\combase.dll
0x00007ffa5a4a0000 - 0x00007ffa5a646000 	C:\WINDOWS\System32\OLEAUT32.dll
0x00007ffa0c510000 - 0x00007ffa0c57f000 	C:\WINDOWS\SYSTEM32\dbgcore.DLL
0x00007ffa57030000 - 0x00007ffa5712f000 	C:\WINDOWS\System32\bcryptPrimitives.dll
0x00007ffa3cad0000 - 0x00007ffa3cadf000 	C:\Program Files\Java\jdk-21_windows-x64_bin\jdk-21.0.8\bin\instrument.dll
0x00007ffa1c500000 - 0x00007ffa1c51f000 	C:\Program Files\Java\jdk-21_windows-x64_bin\jdk-21.0.8\bin\java.dll
0x00007ffa59340000 - 0x00007ffa5a213000 	C:\WINDOWS\System32\SHELL32.dll
0x00007ffa51e50000 - 0x00007ffa530ca000 	C:\WINDOWS\SYSTEM32\windows.storage.dll
0x00007ffa57bb0000 - 0x00007ffa57dc0000 	C:\WINDOWS\System32\SHCORE.dll
0x00007ffa57160000 - 0x00007ffa5721a000 	C:\WINDOWS\System32\shlwapi.dll
0x00007ffa560a0000 - 0x00007ffa560eb000 	C:\WINDOWS\SYSTEM32\profapi.dll
0x00007ff9dcdc0000 - 0x00007ff9dce97000 	C:\Program Files\Java\jdk-21_windows-x64_bin\jdk-21.0.8\bin\jsvml.dll
0x00007ffa19760000 - 0x00007ffa19778000 	C:\Program Files\Java\jdk-21_windows-x64_bin\jdk-21.0.8\bin\zip.dll
0x00007ffa49d00000 - 0x00007ffa49d10000 	C:\Program Files\Java\jdk-21_windows-x64_bin\jdk-21.0.8\bin\net.dll
0x00007ffa47a60000 - 0x00007ffa47c6d000 	C:\WINDOWS\SYSTEM32\WINHTTP.dll
0x00007ffa547f0000 - 0x00007ffa548b3000 	C:\WINDOWS\system32\mswsock.dll
0x00007ffa1ba60000 - 0x00007ffa1ba76000 	C:\Program Files\Java\jdk-21_windows-x64_bin\jdk-21.0.8\bin\nio.dll
0x00007ffa48420000 - 0x00007ffa48430000 	C:\Program Files\Java\jdk-21_windows-x64_bin\jdk-21.0.8\bin\verify.dll
0x00007ffa10e40000 - 0x00007ffa10e67000 	C:\Users\akard\AppData\Local\Temp\cursor-sandbox-cache\4d8f5d68a57ee206e983859445c75c6b\gradle\native\660c5614fbf4a5f2a75b1949f50a0caf5cd603558e7d8a26e50b933a0cfb79d1\windows-amd64\native-platform.dll
0x00007ffa02790000 - 0x00007ffa02807000 	C:\Users\akard\AppData\Local\Temp\cursor-sandbox-cache\4d8f5d68a57ee206e983859445c75c6b\gradle\native\0.2.8\x86_64-windows-gnu\gradle-fileevents.dll
0x00007ffa49b70000 - 0x00007ffa49b7a000 	C:\Program Files\Java\jdk-21_windows-x64_bin\jdk-21.0.8\bin\management.dll
0x00007ffa48460000 - 0x00007ffa4846b000 	C:\Program Files\Java\jdk-21_windows-x64_bin\jdk-21.0.8\bin\management_ext.dll
0x00007ffa58030000 - 0x00007ffa5803f000 	C:\WINDOWS\System32\PSAPI.DLL
0x00007ffa53570000 - 0x00007ffa535ce000 	C:\WINDOWS\SYSTEM32\IPHLPAPI.DLL
0x00007ffa57140000 - 0x00007ffa57152000 	C:\WINDOWS\System32\NSI.dll
0x00007ffa3f760000 - 0x00007ffa3f769000 	C:\Program Files\Java\jdk-21_windows-x64_bin\jdk-21.0.8\bin\extnet.dll
0x00007ffa54c50000 - 0x00007ffa54c80000 	C:\WINDOWS\SYSTEM32\CRYPTSP.dll
0x00007ffa53ea0000 - 0x00007ffa53f07000 	C:\WINDOWS\system32\rsaenh.dll
0x00007ffa54910000 - 0x00007ffa54971000 	C:\WINDOWS\SYSTEM32\USERENV.dll
0x00007ffa56040000 - 0x00007ffa5608d000 	C:\WINDOWS\SYSTEM32\bcrypt.dll
0x00007ffa54c90000 - 0x00007ffa54ca8000 	C:\WINDOWS\SYSTEM32\CRYPTBASE.dll
0x00007ffa3ca90000 - 0x00007ffa3ca9e000 	C:\Program Files\Java\jdk-21_windows-x64_bin\jdk-21.0.8\bin\sunmscapi.dll
0x00007ffa55100000 - 0x00007ffa553a5000 	C:\WINDOWS\SYSTEM32\CRYPT32.dll
0x00007ffa55070000 - 0x00007ffa550c9000 	C:\WINDOWS\SYSTEM32\ncrypt.dll
0x00007ffa55000000 - 0x00007ffa5506a000 	C:\WINDOWS\SYSTEM32\NTASN1.dll
0x00007ffa3f550000 - 0x00007ffa3f560000 	C:\WINDOWS\system32\wshunix.dll
0x00007ffa53700000 - 0x00007ffa5394c000 	C:\WINDOWS\SYSTEM32\DNSAPI.dll
0x00007ffa54500000 - 0x00007ffa5451b000 	C:\WINDOWS\SYSTEM32\DSPARSE.dll
0x00007ffa47420000 - 0x00007ffa47435000 	C:\Windows\System32\rasadhlp.dll
0x00007ffa4c5d0000 - 0x00007ffa4c6b3000 	C:\WINDOWS\System32\fwpuclnt.dll
0x00007ff9d6150000 - 0x00007ff9d62df000 	C:\Program Files\Java\jdk-21_windows-x64_bin\jdk-21.0.8\bin\awt.dll
0x00007ffa51060000 - 0x00007ffa51175000 	C:\WINDOWS\system32\uxtheme.dll
0x00007ffa57920000 - 0x00007ffa57ba6000 	C:\WINDOWS\System32\MSCTF.dll
0x00007ffa583d0000 - 0x00007ffa58682000 	C:\WINDOWS\System32\ole32.dll
0x00007ffa540d0000 - 0x00007ffa5412f000 	C:\WINDOWS\SYSTEM32\ntmarta.dll

dbghelp: loaded successfully - version: 4.0.5 - missing functions: none
symbol engine: initialized successfully - sym options: 0x614 - pdb path: .;C:\Program Files\Java\jdk-21_windows-x64_bin\jdk-21.0.8\bin;C:\WINDOWS\SYSTEM32;C:\WINDOWS\WinSxS\arm64_microsoft.windows.common-controls_6595b64144ccf1df_6.0.26100.9278_none_3e0d1b06e3303345;C:\Program Files\Java\jdk-21_windows-x64_bin\jdk-21.0.8\bin\server;C:\Users\akard\AppData\Local\Temp\cursor-sandbox-cache\4d8f5d68a57ee206e983859445c75c6b\gradle\native\660c5614fbf4a5f2a75b1949f50a0caf5cd603558e7d8a26e50b933a0cfb79d1\windows-amd64;C:\Users\akard\AppData\Local\Temp\cursor-sandbox-cache\4d8f5d68a57ee206e983859445c75c6b\gradle\native\0.2.8\x86_64-windows-gnu;C:\Users\akard\AppData\Local\Temp

VM Arguments:
jvm_args: --add-opens=java.base/java.lang=ALL-UNNAMED --add-opens=java.base/java.lang.invoke=ALL-UNNAMED --add-opens=java.base/java.util=ALL-UNNAMED --add-opens=java.prefs/java.util.prefs=ALL-UNNAMED --add-exports=jdk.compiler/com.sun.tools.javac.api=ALL-UNNAMED --add-exports=jdk.compiler/com.sun.tools.javac.util=ALL-UNNAMED --add-opens=java.base/java.nio.charset=ALL-UNNAMED --add-opens=java.base/java.net=ALL-UNNAMED --add-opens=java.base/java.util.concurrent=ALL-UNNAMED --add-opens=java.base/java.util.concurrent.atomic=ALL-UNNAMED --add-opens=java.xml/javax.xml.namespace=ALL-UNNAMED --add-opens=java.base/java.time=ALL-UNNAMED -Xmx2048m -Dfile.encoding=UTF-8 -Duser.country=BR -Duser.language=pt -Duser.variant -javaagent:C:\Users\akard\AppData\Local\Temp\cursor-sandbox-cache\4d8f5d68a57ee206e983859445c75c6b\gradle\wrapper\dists\gradle-9.5.0-bin\bvnork1r7n8i6kp5cnkibsc9q\gradle-9.5.0\lib\agents\gradle-instrumentation-agent-9.5.0.jar 
java_command: org.gradle.launcher.daemon.bootstrap.GradleDaemon 9.5.0
java_class_path (initial): C:\Users\akard\AppData\Local\Temp\cursor-sandbox-cache\4d8f5d68a57ee206e983859445c75c6b\gradle\wrapper\dists\gradle-9.5.0-bin\bvnork1r7n8i6kp5cnkibsc9q\gradle-9.5.0\lib\gradle-daemon-main-9.5.0.jar
Launcher Type: SUN_STANDARD

[Global flags]
     intx CICompilerCount                          = 4                                         {product} {ergonomic}
     uint ConcGCThreads                            = 2                                         {product} {ergonomic}
     uint G1ConcRefinementThreads                  = 8                                         {product} {ergonomic}
   size_t G1HeapRegionSize                         = 1048576                                   {product} {ergonomic}
    uintx GCDrainStackTargetSize                   = 64                                        {product} {ergonomic}
   size_t InitialHeapSize                          = 62914560                                  {product} {ergonomic}
   size_t MarkStackSize                            = 4194304                                   {product} {ergonomic}
   size_t MaxHeapSize                              = 2147483648                                {product} {command line}
   size_t MaxNewSize                               = 1287651328                                {product} {ergonomic}
   size_t MinHeapDeltaBytes                        = 1048576                                   {product} {ergonomic}
   size_t MinHeapSize                              = 8388608                                   {product} {ergonomic}
    uintx NonNMethodCodeHeapSize                   = 5839372                                {pd product} {ergonomic}
    uintx NonProfiledCodeHeapSize                  = 122909434                              {pd product} {ergonomic}
    uintx ProfiledCodeHeapSize                     = 122909434                              {pd product} {ergonomic}
    uintx ReservedCodeCacheSize                    = 251658240                              {pd product} {ergonomic}
     bool SegmentedCodeCache                       = true                                      {product} {ergonomic}
   size_t SoftMaxHeapSize                          = 2147483648                             {manageable} {ergonomic}
     bool UseCompressedOops                        = true                           {product lp64_product} {ergonomic}
     bool UseG1GC                                  = true                                      {product} {ergonomic}
     bool UseLargePagesIndividualAllocation        = false                                  {pd product} {ergonomic}

Logging:
Log output configuration:
 #0: stdout all=warning uptime,level,tags foldmultilines=false
 #1: stderr all=off uptime,level,tags foldmultilines=false

Environment Variables:
JAVA_HOME=C:\Program Files\Java\jdk-21_windows-x64_bin\jdk-21.0.8
PATH=c:\Users\akard\AppData\Local\Programs\cursor\resources\app\node_modules\@vscode\ripgrep\bin;C:\Users\akard\AppData\Local\Programs\Python\Python313\Scripts\;C:\Users\akard\AppData\Local\Programs\Python\Python313;C:\Program Files\Java\jdk-21_windows-x64_bin\jdk-21.0.8\bin;C:\raylib\w64devkit\bin;C:\w64devkit\bin;C:\Program Files\Common Files\Oracle\Java\javapath;C:\Program Files\Java\jdk-25\bin;C:\WINDOWS\system32;C:\WINDOWS;C:\WINDOWS\System32\Wbem;C:\WINDOWS\System32\WindowsPowerShell\v1.0\;C:\WINDOWS\System32\OpenSSH\;C:\Program Files\Git\cmd;C:\Program Files\dotnet\;c:\Users\akard\AppData\Local\Programs\cursor\resources\app\codeBin;C:\Users\akard\AppData\Local\Programs\Python\Python313\Scripts\;C:\Users\akard\AppData\Local\Programs\Python\Python313\;C:\Users\akard\AppData\Local\Programs\Microsoft VS Code\bin;C:\Program Files\Java\jdk-25\bin;C:\raylib\w64devkit\bin;C:\w64devkit\bin;C:\Users\akard\.local\bin;C:\Users\akard\AppData\Local\Programs\cursor\resources\app\bin;C:\Users\akard\.dotnet\tools
USERNAME=akardec
TERM=dumb
OS=Windows_NT
PROCESSOR_IDENTIFIER=ARMv8 (64-bit) Family 8 Model 805 Revision D0E, Qualcomm Technologies Inc
TMP=C:\Users\akard\AppData\Local\Temp
TEMP=C:\Users\akard\AppData\Local\Temp




Periodic native trim disabled

---------------  S Y S T E M  ---------------

OS:
 Windows 11 , 64 bit Build 26100 (10.0.26100.9278)
OS uptime: 0 days 9:34 hours

CPU: total 8 (initial active 8) (8 cores per cpu, 1 threads per core) family 21 model 0 stepping 1 microcode 0x0, cx8, cmov, fxsr, mmx, 3dnowpref, sse, sse2, sse3, ssse3, sse4.1, sse4.2, popcnt, lzcnt, tsc, tscinvbit, avx, avx2, aes, clmul, bmi1, bmi2, fma, vzeroupper, clflush, rdtscp, f16c
Processor Information for processor 0
  Max Mhz: 1804, Current Mhz: 1804, Mhz Limit: 1804
Processor Information for processor 1
  Max Mhz: 1804, Current Mhz: 1804, Mhz Limit: 1804
Processor Information for processor 2
  Max Mhz: 1804, Current Mhz: 1804, Mhz Limit: 1804
Processor Information for processor 3
  Max Mhz: 1804, Current Mhz: 1804, Mhz Limit: 1804
Processor Information for processor 4
  Max Mhz: 1804, Current Mhz: 1804, Mhz Limit: 1804
Processor Information for processor 5
  Max Mhz: 1804, Current Mhz: 1804, Mhz Limit: 1804
Processor Information for processor 6
  Max Mhz: 2553, Current Mhz: 2553, Mhz Limit: 2553
Processor Information for processor 7
  Max Mhz: 2553, Current Mhz: 2553, Mhz Limit: 2553

Memory: 4k page, system-wide physical 3767M (219M free)
TotalPageFile size 15543M (AvailPageFile size 73M)
current process WorkingSet (physical memory assigned to process): 456M, peak: 855M
current process commit charge ("private bytes"): 1241M, peak: 1312M

vm_info: Java HotSpot(TM) 64-Bit Server VM (21.0.8+12-LTS-250) for windows-amd64 JRE (21.0.8+12-LTS-250), built on 2025-06-27T08:11:22Z by "mach5one" with MS VC++ 17.6 (VS2022)

END.
